SET @OLD_UNIQUE_CHECKS=@@UNIQUE_CHECKS, UNIQUE_CHECKS=0;
SET @OLD_FOREIGN_KEY_CHECKS=@@FOREIGN_KEY_CHECKS, FOREIGN_KEY_CHECKS=0;
SET @OLD_SQL_MODE=@@SQL_MODE, SQL_MODE='TRADITIONAL';

CREATE SCHEMA IF NOT EXISTS `SiMaPe` DEFAULT CHARACTER SET utf8 COLLATE utf8_spanish_ci ;
USE `SiMaPe` ;

-- -----------------------------------------------------
-- Table `SiMaPe`.`NivelEstudio`
-- -----------------------------------------------------
CREATE  TABLE IF NOT EXISTS `SiMaPe`.`NivelEstudio` (
  `NivelEstudioId` INT UNSIGNED NOT NULL AUTO_INCREMENT ,
  `Descripcion` VARCHAR(45) NOT NULL ,
  PRIMARY KEY (`NivelEstudioId`) )
ENGINE = InnoDB;


-- -----------------------------------------------------
-- Table `SiMaPe`.`Estado`
-- -----------------------------------------------------
CREATE  TABLE IF NOT EXISTS `SiMaPe`.`Estado` (
  `EstadoId` INT UNSIGNED NOT NULL AUTO_INCREMENT ,
  `Descripcion` VARCHAR(45) NOT NULL ,
  PRIMARY KEY (`EstadoId`) )
ENGINE = InnoDB
COMMENT = 'Estado actual del empleado';


-- -----------------------------------------------------
-- Table `SiMaPe`.`UsuarioPerfil`
-- -----------------------------------------------------
CREATE  TABLE IF NOT EXISTS `SiMaPe`.`UsuarioPerfil` (
  `UsuarioPerfilId` INT UNSIGNED NOT NULL AUTO_INCREMENT ,
  `Nombre` VARCHAR(45) NOT NULL ,
  `Timestamp` INT UNSIGNED NOT NULL ,
  PRIMARY KEY (`UsuarioPerfilId`) )
ENGINE = InnoDB
COMMENT = 'Tabla con perfiles de permisos';


-- -----------------------------------------------------
-- Table `SiMaPe`.`Token`
-- -----------------------------------------------------
CREATE  TABLE IF NOT EXISTS `SiMaPe`.`Token` (
  `TokenId` INT UNSIGNED NOT NULL AUTO_INCREMENT ,
  `Session_RandomToken` VARCHAR(255) NULL ,
  `Session_Timestamp` VARCHAR(255) NULL ,
  `PasswordRestore_RandomToken` VARCHAR(255) NULL ,
  `PasswordRestore_Timestamp` VARCHAR(255) NULL ,
  `Fingerprint_Token` VARCHAR(255) NULL ,
  PRIMARY KEY (`TokenId`) )
ENGINE = InnoDB
COMMENT = 'Tokens del usuario';


-- -----------------------------------------------------
-- Table `SiMaPe`.`Usuario`
-- -----------------------------------------------------
CREATE  TABLE IF NOT EXISTS `SiMaPe`.`Usuario` (
  `UsuarioId` INT UNSIGNED NOT NULL AUTO_INCREMENT ,
  `EmpleadoId` INT UNSIGNED NOT NULL ,
  `UsuarioPerfilId` INT UNSIGNED NOT NULL ,
  `TokenId` INT UNSIGNED NOT NULL ,
  `Nombre` VARCHAR(15) NOT NULL COMMENT 'Username' ,
  `UID` VARCHAR(100) NOT NULL COMMENT 'UUIDv4' ,
  `PasswordSalted` VARCHAR(255) NOT NULL COMMENT 'Usar funcion password_hash con BCRYPT en PHP5' ,
  `PasswordTimestamp` INT UNSIGNED NOT NULL ,
  `Activo` TINYINT(1) NOT NULL DEFAULT 1 COMMENT 'Activo: TRUE - No activo: FALSE' ,
  `PrivKey` BLOB NULL ,
  `PubKey` BLOB NULL ,
  `CreacionTimestamp` INT UNSIGNED NOT NULL COMMENT 'Fecha de registro' ,
  `ModificacionTimestamp` INT UNSIGNED NOT NULL ,
  PRIMARY KEY (`UsuarioId`) )
ENGINE = InnoDB
COMMENT = 'Los permisos se asignan mediante perfiles unicamente';

CREATE UNIQUE INDEX `Nombre_UNIQUE` ON `SiMaPe`.`Usuario` (`Nombre` ASC) ;

CREATE UNIQUE INDEX `UID_UNIQUE` ON `SiMaPe`.`Usuario` (`UID` ASC) ;

CREATE UNIQUE INDEX `PrivKey_UNIQUE` ON `SiMaPe`.`Usuario` (`PrivKey` ASC) ;

CREATE UNIQUE INDEX `PubKey_UNIQUE` ON `SiMaPe`.`Usuario` (`PubKey` ASC) ;


-- -----------------------------------------------------
-- Table `SiMaPe`.`Fichero`
-- -----------------------------------------------------
CREATE  TABLE IF NOT EXISTS `SiMaPe`.`Fichero` (
  `FicheroId` INT UNSIGNED NOT NULL AUTO_INCREMENT ,
  `UsuarioId` INT UNSIGNED NOT NULL COMMENT 'Subido por' ,
  `Nombre` VARCHAR(100) NOT NULL ,
  `Hash` VARCHAR(100) NOT NULL COMMENT 'MD5 es mas eficiente' ,
  `Ruta` VARCHAR(200) NULL DEFAULT NULL ,
  `Fichero` MEDIUMBLOB NULL DEFAULT NULL ,
  `Comentario` VARCHAR(140) NULL DEFAULT NULL ,
  `Timestamp` INT UNSIGNED NOT NULL ,
  PRIMARY KEY (`FicheroId`) )
ENGINE = InnoDB
COMMENT = 'Archivos.  Almacenamiento Ruta o Mediumblob.';

CREATE UNIQUE INDEX `Hash_UNIQUE` ON `SiMaPe`.`Fichero` (`Hash` ASC) ;


-- -----------------------------------------------------
-- Table `SiMaPe`.`Empleado`
-- -----------------------------------------------------
CREATE  TABLE IF NOT EXISTS `SiMaPe`.`Empleado` (
  `EmpleadoId` INT UNSIGNED NOT NULL AUTO_INCREMENT ,
  `Nombre` VARCHAR(100) NOT NULL ,
  `Apellido` VARCHAR(100) NOT NULL ,
  `FicheroId` INT UNSIGNED NULL DEFAULT NULL COMMENT 'Fotografia' ,
  `Titulo` ENUM('Dr.','Dra.','Lic.') NULL DEFAULT NULL ,
  `Sexo` ENUM('M','F') NOT NULL ,
  `FechaNac` DATE NOT NULL ,
  `FechaIngresoDependencia` DATE NOT NULL ,
  `FechaIngresoJusticia` DATE NOT NULL ,
  `ResolIngreso_Nro` MEDIUMINT UNSIGNED NOT NULL ,
  `ResolIngreso_Año` SMALLINT UNSIGNED NOT NULL ,
  `DocumentoNro` INT UNSIGNED NOT NULL ,
  `CUIL` BIGINT UNSIGNED NOT NULL ,
  `LegajoNro` INT UNSIGNED NOT NULL ,
  `TelNro` VARCHAR(20) NOT NULL ,
  `TelCodArea` VARCHAR(10) NOT NULL ,
  `CelNro` VARCHAR(20) NOT NULL ,
  `CelCodArea` VARCHAR(10) NOT NULL ,
  `Email` VARCHAR(50) NULL DEFAULT NULL ,
  `NivelEstudioId` INT UNSIGNED NOT NULL ,
  `ProfesionTitulo` VARCHAR(100) NULL DEFAULT NULL ,
  `EstadoCivil` ENUM('Soltero','Casado','Divorciado','Viudo') NOT NULL ,
  `EstadoId` INT UNSIGNED NOT NULL DEFAULT 1 ,
  `Comentario` VARCHAR(140) NULL DEFAULT NULL ,
  `CreacionTimestamp` INT UNSIGNED NOT NULL ,
  `ModificacionTimestamp` INT UNSIGNED NOT NULL ,
  PRIMARY KEY (`EmpleadoId`) )
ENGINE = InnoDB;

CREATE UNIQUE INDEX `LegajoNro_UNIQUE` ON `SiMaPe`.`Empleado` (`LegajoNro` ASC) ;

CREATE INDEX `Empleado_NomApDoc` ON `SiMaPe`.`Empleado` (`Nombre` ASC, `Apellido` ASC, `DocumentoNro` ASC) ;

CREATE UNIQUE INDEX `Email_UNIQUE` ON `SiMaPe`.`Empleado` (`Email` ASC) ;


-- -----------------------------------------------------
-- Table `SiMaPe`.`Provincia`
-- -----------------------------------------------------
CREATE  TABLE IF NOT EXISTS `SiMaPe`.`Provincia` (
  `ProvinciaId` INT UNSIGNED NOT NULL ,
  `Nombre` VARCHAR(55) NOT NULL ,
  PRIMARY KEY (`ProvinciaId`) )
ENGINE = InnoDB
COMMENT = 'Solo de Argentina';

CREATE UNIQUE INDEX `Nombre_UNIQUE` ON `SiMaPe`.`Provincia` (`Nombre` ASC) ;


-- -----------------------------------------------------
-- Table `SiMaPe`.`Direccion`
-- -----------------------------------------------------
CREATE  TABLE IF NOT EXISTS `SiMaPe`.`Direccion` (
  `DireccionId` INT UNSIGNED NOT NULL AUTO_INCREMENT ,
  `Calle` VARCHAR(100) NOT NULL ,
  `CalleNro` MEDIUMINT UNSIGNED NOT NULL ,
  `Localidad` VARCHAR(100) NOT NULL ,
  `CP` INT UNSIGNED NOT NULL ,
  `ProvinciaId` INT UNSIGNED NOT NULL DEFAULT 1 ,
  `Timestamp` INT UNSIGNED NOT NULL ,
  PRIMARY KEY (`DireccionId`) )
ENGINE = InnoDB;


-- -----------------------------------------------------
-- Table `SiMaPe`.`Domicilio`
-- -----------------------------------------------------
CREATE  TABLE IF NOT EXISTS `SiMaPe`.`Domicilio` (
  `DomicilioId` INT UNSIGNED NOT NULL AUTO_INCREMENT ,
  `DireccionId` INT UNSIGNED NOT NULL ,
  `PisoNro` SMALLINT UNSIGNED NOT NULL ,
  `Depto` VARCHAR(5) NOT NULL ,
  `Comentario` VARCHAR(140) NULL DEFAULT NULL ,
  `Timestamp` INT UNSIGNED NOT NULL ,
  PRIMARY KEY (`DomicilioId`) )
ENGINE = InnoDB;


-- -----------------------------------------------------
-- Table `SiMaPe`.`DomicilioEmpleado`
-- -----------------------------------------------------
CREATE  TABLE IF NOT EXISTS `SiMaPe`.`DomicilioEmpleado` (
  `DomicilioEmpleadoId` INT UNSIGNED NOT NULL AUTO_INCREMENT ,
  `EmpleadoId` INT UNSIGNED NOT NULL ,
  `DomicilioId` INT UNSIGNED NOT NULL ,
  PRIMARY KEY (`DomicilioEmpleadoId`) )
ENGINE = InnoDB
COMMENT = 'Conecta Domicilio con Empleado';


-- -----------------------------------------------------
-- Table `SiMaPe`.`Escalafon`
-- -----------------------------------------------------
CREATE  TABLE IF NOT EXISTS `SiMaPe`.`Escalafon` (
  `EscalafonId` INT UNSIGNED NOT NULL AUTO_INCREMENT ,
  `Nombre` VARCHAR(45) NOT NULL ,
  PRIMARY KEY (`EscalafonId`) )
ENGINE = InnoDB
COMMENT = 'AC 9-2005 CSJN';

CREATE UNIQUE INDEX `Nombre_UNIQUE` ON `SiMaPe`.`Escalafon` (`Nombre` ASC) ;


-- -----------------------------------------------------
-- Table `SiMaPe`.`Cargo`
-- -----------------------------------------------------
CREATE  TABLE IF NOT EXISTS `SiMaPe`.`Cargo` (
  `CargoId` INT UNSIGNED NOT NULL AUTO_INCREMENT ,
  `EscalafonId` INT UNSIGNED NOT NULL ,
  `EmpleadoId` INT UNSIGNED NOT NULL ,
  `FechaAsignacion` DATE NOT NULL ,
  `ResolNro` MEDIUMINT UNSIGNED NOT NULL ,
  `ResolAño` SMALLINT UNSIGNED NOT NULL ,
  `Timestamp` INT UNSIGNED NOT NULL ,
  PRIMARY KEY (`CargoId`) )
ENGINE = InnoDB;


-- -----------------------------------------------------
-- Table `SiMaPe`.`LicenciaOrdinariaDesc`
-- -----------------------------------------------------
CREATE  TABLE IF NOT EXISTS `SiMaPe`.`LicenciaOrdinariaDesc` (
  `LicenciaOrdinariaDescId` INT UNSIGNED NOT NULL AUTO_INCREMENT ,
  `Nombre` VARCHAR(45) NOT NULL ,
  `MaxDiasAño` SMALLINT UNSIGNED NOT NULL DEFAULT 0 ,
  `MaxParticiones` TINYINT UNSIGNED NOT NULL DEFAULT 0 ,
  `AfectaDiaLaboral` TINYINT(1) NOT NULL DEFAULT 1 ,
  `AfectaDiaNoLaboral` TINYINT(1) NOT NULL DEFAULT 0 ,
  PRIMARY KEY (`LicenciaOrdinariaDescId`) )
ENGINE = InnoDB
COMMENT = 'Ferias - AC 34-1977 y 12-2004 CSJN';


-- -----------------------------------------------------
-- Table `SiMaPe`.`LicenciaExtraordinariaDesc`
-- -----------------------------------------------------
CREATE  TABLE IF NOT EXISTS `SiMaPe`.`LicenciaExtraordinariaDesc` (
  `LicenciaExtraordinariaDescId` INT UNSIGNED NOT NULL AUTO_INCREMENT ,
  `Nombre` VARCHAR(100) NOT NULL ,
  `Articulo` TINYINT UNSIGNED NOT NULL ,
  `AcordadaNro` SMALLINT UNSIGNED NOT NULL DEFAULT 0 ,
  `AcordadaAño` SMALLINT UNSIGNED NOT NULL DEFAULT 0 ,
  `Transcripcion` TEXT NULL DEFAULT NULL ,
  PRIMARY KEY (`LicenciaExtraordinariaDescId`) )
ENGINE = InnoDB
COMMENT = 'AC 34-1977 y 12-2004 CSJN';


-- -----------------------------------------------------
-- Table `SiMaPe`.`LicenciaExtraordinaria`
-- -----------------------------------------------------
CREATE  TABLE IF NOT EXISTS `SiMaPe`.`LicenciaExtraordinaria` (
  `LicenciaExtraordinariaId` INT UNSIGNED NOT NULL AUTO_INCREMENT ,
  `LicenciaExtraordinariaDescId` INT UNSIGNED NOT NULL ,
  `Inciso` VARCHAR(5) NULL DEFAULT NULL ,
  `MaxDiasAño` SMALLINT UNSIGNED NOT NULL DEFAULT 0 ,
  `MaxDiasMes` TINYINT UNSIGNED NOT NULL DEFAULT 0 ,
  `MaxDiasCorridos` SMALLINT UNSIGNED NOT NULL DEFAULT 0 ,
  `MinDiasCorridos` SMALLINT UNSIGNED NOT NULL DEFAULT 0 ,
  `AfectaDiaLaboral` TINYINT(1) NOT NULL DEFAULT 1 ,
  `AfectaDiaNoLaboral` TINYINT(1) NOT NULL DEFAULT 0 ,
  `GoceHaberesPorcentual` TINYINT UNSIGNED NOT NULL DEFAULT 100 COMMENT 'TRUE: c/ goce.\nFALSE: s/ goce.' ,
  PRIMARY KEY (`LicenciaExtraordinariaId`) )
ENGINE = InnoDB;


-- -----------------------------------------------------
-- Table `SiMaPe`.`LicenciaOrdinaria`
-- -----------------------------------------------------
CREATE  TABLE IF NOT EXISTS `SiMaPe`.`LicenciaOrdinaria` (
  `LicenciaOrdinariaId` INT UNSIGNED NOT NULL AUTO_INCREMENT ,
  `LicenciaOrdinariaDescId` INT UNSIGNED NOT NULL DEFAULT 1 ,
  `LicenciaAño` SMALLINT UNSIGNED NOT NULL ,
  PRIMARY KEY (`LicenciaOrdinariaId`) )
ENGINE = InnoDB;


-- -----------------------------------------------------
-- Table `SiMaPe`.`Asistencia`
-- -----------------------------------------------------
CREATE  TABLE IF NOT EXISTS `SiMaPe`.`Asistencia` (
  `AsistenciaId` INT UNSIGNED NOT NULL AUTO_INCREMENT ,
  `EmpleadoId` INT UNSIGNED NOT NULL ,
  `Fecha` DATE NOT NULL ,
  `LicenciaExtraordinariaId` INT UNSIGNED NULL DEFAULT NULL ,
  `LicenciaOrdinariaId` INT UNSIGNED NULL DEFAULT NULL ,
  `Comentario` VARCHAR(100) NULL DEFAULT NULL ,
  `Timestamp` INT UNSIGNED NOT NULL ,
  PRIMARY KEY (`AsistenciaId`) )
ENGINE = InnoDB
COMMENT = 'Causa o Motivo';


-- -----------------------------------------------------
-- Table `SiMaPe`.`Fichaje`
-- -----------------------------------------------------
CREATE  TABLE IF NOT EXISTS `SiMaPe`.`Fichaje` (
  `FichajeId` INT UNSIGNED NOT NULL AUTO_INCREMENT ,
  `AsistenciaId` INT UNSIGNED NOT NULL ,
  `Timestamp` INT UNSIGNED NOT NULL ,
  PRIMARY KEY (`FichajeId`) )
ENGINE = InnoDB;


-- -----------------------------------------------------
-- Table `SiMaPe`.`Oficina`
-- -----------------------------------------------------
CREATE  TABLE IF NOT EXISTS `SiMaPe`.`Oficina` (
  `OficinaId` INT UNSIGNED NOT NULL AUTO_INCREMENT ,
  `EmpleadoId` INT UNSIGNED NOT NULL ,
  `Email` VARCHAR(50) NULL ,
  `OficinaNro` SMALLINT UNSIGNED NOT NULL ,
  `PisoNro` TINYINT UNSIGNED NOT NULL ,
  `TelInternoNro` INT UNSIGNED NOT NULL ,
  `Timestamp` INT UNSIGNED NOT NULL ,
  PRIMARY KEY (`OficinaId`) )
ENGINE = InnoDB
COMMENT = 'Oficina donde cumple tareas habitualmente';


-- -----------------------------------------------------
-- Table `SiMaPe`.`Reemplazo`
-- -----------------------------------------------------
CREATE  TABLE IF NOT EXISTS `SiMaPe`.`Reemplazo` (
  `ReemplazoId` INT UNSIGNED NOT NULL AUTO_INCREMENT ,
  `EmpleadoId` INT UNSIGNED NOT NULL COMMENT 'Reemplazante' ,
  `OficinaId` INT UNSIGNED NOT NULL COMMENT 'Reemplazado' ,
  `Fecha` DATE NOT NULL ,
  `Comentario` VARCHAR(140) NULL DEFAULT NULL ,
  `Timestamp` INT UNSIGNED NOT NULL ,
  PRIMARY KEY (`ReemplazoId`) )
ENGINE = InnoDB
COMMENT = 'Reemplazos de oficina';


-- -----------------------------------------------------
-- Table `SiMaPe`.`Calificacion`
-- -----------------------------------------------------
CREATE  TABLE IF NOT EXISTS `SiMaPe`.`Calificacion` (
  `CalificacionId` INT UNSIGNED NOT NULL AUTO_INCREMENT ,
  `EmpleadoId` INT UNSIGNED NOT NULL ,
  `Descripcion` VARCHAR(140) NOT NULL ,
  `Nota` TINYINT UNSIGNED NOT NULL ,
  `Fecha` DATE NOT NULL ,
  `Timestamp` INT UNSIGNED NOT NULL ,
  PRIMARY KEY (`CalificacionId`) )
ENGINE = InnoDB;


-- -----------------------------------------------------
-- Table `SiMaPe`.`EntradaSalidaDesc`
-- -----------------------------------------------------
CREATE  TABLE IF NOT EXISTS `SiMaPe`.`EntradaSalidaDesc` (
  `EntradaSalidaDescId` INT UNSIGNED NOT NULL AUTO_INCREMENT ,
  `Descripcion` VARCHAR(45) NOT NULL ,
  PRIMARY KEY (`EntradaSalidaDescId`) )
ENGINE = InnoDB;


-- -----------------------------------------------------
-- Table `SiMaPe`.`EntradaSalidaMotivo`
-- -----------------------------------------------------
CREATE  TABLE IF NOT EXISTS `SiMaPe`.`EntradaSalidaMotivo` (
  `EntradaSalidaMotivoId` INT UNSIGNED NOT NULL AUTO_INCREMENT ,
  `Descripcion` VARCHAR(45) NOT NULL ,
  PRIMARY KEY (`EntradaSalidaMotivoId`) )
ENGINE = InnoDB
COMMENT = 'Motivo de llegada tarde / salida anticipada';


-- -----------------------------------------------------
-- Table `SiMaPe`.`EntradaSalida`
-- -----------------------------------------------------
CREATE  TABLE IF NOT EXISTS `SiMaPe`.`EntradaSalida` (
  `EntradaSalidaId` INT UNSIGNED NOT NULL AUTO_INCREMENT ,
  `AsistenciaId` INT UNSIGNED NOT NULL ,
  `EntradaSalidaDescId` INT UNSIGNED NOT NULL ,
  `EntradaSalidaMotivoId` INT UNSIGNED NOT NULL ,
  `Minutos` SMALLINT UNSIGNED NOT NULL DEFAULT 0 ,
  `Timestamp` INT UNSIGNED NOT NULL ,
  PRIMARY KEY (`EntradaSalidaId`) )
ENGINE = InnoDB;


-- -----------------------------------------------------
-- Table `SiMaPe`.`Mensaje`
-- -----------------------------------------------------
CREATE  TABLE IF NOT EXISTS `SiMaPe`.`Mensaje` (
  `MensajeId` INT UNSIGNED NOT NULL AUTO_INCREMENT ,
  `UsuarioId_Emisor` INT UNSIGNED NOT NULL ,
  `UsuarioId_Receptor` INT UNSIGNED NOT NULL ,
  `Mensaje` VARCHAR(250) NOT NULL ,
  `Visto` TINYINT(1) NOT NULL DEFAULT 0 ,
  `Timestamp` INT UNSIGNED NOT NULL ,
  PRIMARY KEY (`MensajeId`) )
ENGINE = InnoDB
COMMENT = 'Se almacenan mensajes de un usuario a otro';


-- -----------------------------------------------------
-- Table `SiMaPe`.`Permiso`
-- -----------------------------------------------------
CREATE  TABLE IF NOT EXISTS `SiMaPe`.`Permiso` (
  `PermisoId` INT UNSIGNED NOT NULL AUTO_INCREMENT ,
  `Nombre` VARCHAR(45) NOT NULL ,
  PRIMARY KEY (`PermisoId`) )
ENGINE = InnoDB
COMMENT = 'Permisos de la aplicacion: TRUE habilita, FALSE deniega.';


-- -----------------------------------------------------
-- Table `SiMaPe`.`PermisoAsignado`
-- -----------------------------------------------------
CREATE  TABLE IF NOT EXISTS `SiMaPe`.`PermisoAsignado` (
  `PermisoAsignadoId` INT UNSIGNED NOT NULL AUTO_INCREMENT ,
  `UsuarioPerfilId` INT UNSIGNED NOT NULL ,
  `PermisoId` INT UNSIGNED NOT NULL ,
  `_propio` TINYINT(1) NOT NULL DEFAULT 0 ,
  `_otros` TINYINT(1) NOT NULL DEFAULT 0 ,
  `_listar` TINYINT(1) NOT NULL DEFAULT 0 ,
  `_agregar` TINYINT(1) NOT NULL DEFAULT 0 ,
  `_modificar` TINYINT(1) NOT NULL DEFAULT 0 ,
  `_modificar__tiempolimite` INT NOT NULL DEFAULT 0 ,
  `_borrar` TINYINT(1) NOT NULL DEFAULT 0 ,
  PRIMARY KEY (`PermisoAsignadoId`) )
ENGINE = InnoDB;


-- -----------------------------------------------------
-- Table `SiMaPe`.`DiaLaboralDesc`
-- -----------------------------------------------------
CREATE  TABLE IF NOT EXISTS `SiMaPe`.`DiaLaboralDesc` (
  `DiaLaboralDescId` INT UNSIGNED NOT NULL ,
  `Descripcion` VARCHAR(15) NOT NULL ,
  PRIMARY KEY (`DiaLaboralDescId`) )
ENGINE = InnoDB
COMMENT = 'Listado de dias laborales (PHP: cortos: strftime(\'%a\') - lar' /* comment truncated */;


-- -----------------------------------------------------
-- Table `SiMaPe`.`HorarioLaboral`
-- -----------------------------------------------------
CREATE  TABLE IF NOT EXISTS `SiMaPe`.`HorarioLaboral` (
  `HorarioLaboralId` INT UNSIGNED NOT NULL AUTO_INCREMENT ,
  `DiaLaboralDescId` INT UNSIGNED NOT NULL ,
  `EmpleadoId` INT UNSIGNED NOT NULL ,
  `HoraInicio` TIME NOT NULL ,
  `HoraFin` TIME NOT NULL ,
  `Timestamp` INT UNSIGNED NOT NULL ,
  PRIMARY KEY (`HorarioLaboralId`) )
ENGINE = InnoDB
COMMENT = 'Dias y horas laborales';


-- -----------------------------------------------------
-- Table `SiMaPe`.`HorarioExtra`
-- -----------------------------------------------------
CREATE  TABLE IF NOT EXISTS `SiMaPe`.`HorarioExtra` (
  `HorarioExtraId` INT UNSIGNED NOT NULL AUTO_INCREMENT ,
  `DiaLaboralDescId` INT UNSIGNED NOT NULL ,
  `EmpleadoId` INT UNSIGNED NOT NULL ,
  `HoraInicio` TIME NOT NULL ,
  `HoraFin` TIME NOT NULL ,
  `Timestamp` INT UNSIGNED NOT NULL ,
  PRIMARY KEY (`HorarioExtraId`) )
ENGINE = InnoDB
COMMENT = 'Dias y horas laborales extras';



SET SQL_MODE=@OLD_SQL_MODE;
SET FOREIGN_KEY_CHECKS=@OLD_FOREIGN_KEY_CHECKS;
SET UNIQUE_CHECKS=@OLD_UNIQUE_CHECKS;

-- -----------------------------------------------------
-- Data for table `SiMaPe`.`NivelEstudio`
-- -----------------------------------------------------
START TRANSACTION;
USE `SiMaPe`;
INSERT INTO `SiMaPe`.`NivelEstudio` (`NivelEstudioId`, `Descripcion`) VALUES (1, 'Primario Incompleto');
INSERT INTO `SiMaPe`.`NivelEstudio` (`NivelEstudioId`, `Descripcion`) VALUES (2, 'Primario Completo');
INSERT INTO `SiMaPe`.`NivelEstudio` (`NivelEstudioId`, `Descripcion`) VALUES (3, 'Secundario Incompleto');
INSERT INTO `SiMaPe`.`NivelEstudio` (`NivelEstudioId`, `Descripcion`) VALUES (4, 'Secundario Completo');
INSERT INTO `SiMaPe`.`NivelEstudio` (`NivelEstudioId`, `Descripcion`) VALUES (5, 'Terciario');
INSERT INTO `SiMaPe`.`NivelEstudio` (`NivelEstudioId`, `Descripcion`) VALUES (6, 'Universitario');

COMMIT;

-- -----------------------------------------------------
-- Data for table `SiMaPe`.`Estado`
-- -----------------------------------------------------
START TRANSACTION;
USE `SiMaPe`;
INSERT INTO `SiMaPe`.`Estado` (`EstadoId`, `Descripcion`) VALUES (1, 'En funciones');
INSERT INTO `SiMaPe`.`Estado` (`EstadoId`, `Descripcion`) VALUES (2, 'Jubilado/Retirado');
INSERT INTO `SiMaPe`.`Estado` (`EstadoId`, `Descripcion`) VALUES (3, 'Fallecido');
INSERT INTO `SiMaPe`.`Estado` (`EstadoId`, `Descripcion`) VALUES (4, 'Con licencia');

COMMIT;

-- -----------------------------------------------------
-- Data for table `SiMaPe`.`UsuarioPerfil`
-- -----------------------------------------------------
START TRANSACTION;
USE `SiMaPe`;
INSERT INTO `SiMaPe`.`UsuarioPerfil` (`UsuarioPerfilId`, `Nombre`, `Timestamp`) VALUES (1, 'Administrador', 0);
INSERT INTO `SiMaPe`.`UsuarioPerfil` (`UsuarioPerfilId`, `Nombre`, `Timestamp`) VALUES (2, 'Jefe RRHH', 0);
INSERT INTO `SiMaPe`.`UsuarioPerfil` (`UsuarioPerfilId`, `Nombre`, `Timestamp`) VALUES (3, 'Empleado RRHH', 0);
INSERT INTO `SiMaPe`.`UsuarioPerfil` (`UsuarioPerfilId`, `Nombre`, `Timestamp`) VALUES (4, 'Empleado', 0);

COMMIT;

-- -----------------------------------------------------
-- Data for table `SiMaPe`.`Token`
-- -----------------------------------------------------
START TRANSACTION;
USE `SiMaPe`;
INSERT INTO `SiMaPe`.`Token` (`TokenId`, `Session_RandomToken`, `Session_Timestamp`, `PasswordRestore_RandomToken`, `PasswordRestore_Timestamp`, `Fingerprint_Token`) VALUES (1, NULL, NULL, NULL, NULL, NULL);

COMMIT;

-- -----------------------------------------------------
-- Data for table `SiMaPe`.`Usuario`
-- -----------------------------------------------------
START TRANSACTION;
USE `SiMaPe`;
INSERT INTO `SiMaPe`.`Usuario` (`UsuarioId`, `EmpleadoId`, `UsuarioPerfilId`, `TokenId`, `Nombre`, `UID`, `PasswordSalted`, `PasswordTimestamp`, `Activo`, `PrivKey`, `PubKey`, `CreacionTimestamp`, `ModificacionTimestamp`) VALUES (1, 1, 1, 1, 'simape', '3281b512-a508-4738-b5ce-3fbe96725f9c', '$2y$15$EYmCNeWygCFX5J9MMyx5qe71SXBuiyuKFS/29mMygoKgEqnIqOz8W', 1386012582, 1, NULL, NULL, 1386012582, 1386012582);

COMMIT;

-- -----------------------------------------------------
-- Data for table `SiMaPe`.`Fichero`
-- -----------------------------------------------------
START TRANSACTION;
USE `SiMaPe`;
INSERT INTO `SiMaPe`.`Fichero` (`FicheroId`, `UsuarioId`, `Nombre`, `Hash`, `Ruta`, `Fichero`, `Comentario`, `Timestamp`) VALUES (1, 1, 'Fotografia', '4783700883147df35bae7ced6ff4858c', NULL, 0x3078383935303445343730443041314130413030303030303044343934383434353230303030303046433030303030303530303830363030303030303344373531384632303030303030303137333532343734323030414543453143453930303030314438343439343434313534373844414544394437394243443544334641433744464537373441323834344136354436393535433332373442464232304431393232343241363043393132313241343336354138303835393346383541423443463132303231383434384136433835434336303635443433383641453144444635424443384344373535423838363232414532314139463346424533373942454345443742453742394633443046443546373739424443453642394637444345444536424144454635414542423339454639353931303531343431313435313435313434313134353134353134343131343531343531343431313435313435313434313134353134353134343131393538374141413232393838363836353232453744434136433031454330393643303946383037353831463538313536343030334530363745303142453037333630303133304346374545363842433838413038463041424445383641383032333630374236303142363033333630334436303139413031333542363431354130323044383135463830343543303537433037423830304642433234323235463437443041414138333535443142363830424143303944343141373837463438463142393044454433304438304145383030454330433643304232433031363630313246303035333434453438333038463032424546383636383033314330324143364441304645313237383137353830384643343734343936323646393445303046453336373633303734303642414439363146303043373041313838424331444331414441434542444143383430424235303434313645344431344530423630314641303242373042383439303346333831383738303839323246323545303446384341444630434144383036333844373343463037413638424338373737394236443931303338303131383639363245323130313142393345383235453539443637373742363033373630424338384643353643303736314230303742303142443831314534303133453033354530333636303932383846433143303142454232333643323736433034394336433543373842433841323232463442313231333030354438303933383546343441453244423037384441304433383134463034434643354330303343304138433132393141463232423042423138373032454430414239383741423741443435364636303130443030453538304344433043444332433232354634363830324645463236363830423543303837433643433046384139433846444235303044453332394437303542313146393330434646363341303034333830454541363837434533303944463231444442363843443831464438313139323233323739333530363742304244344338423641373838374335343432424234463337453033324530324643303532453032363630413438383243384530303546444130444430313831383041454330323943323632324646324536314446343730313846303033373839433835393339423644314439304541414644383039373444373437433243393945383638314236463041333035363434394535413444303133463036363832443232383739354131454636414530363836303338364146343544363245414444344443353636333031314530373530314236303531454236394643423434363437393839464236463030374330343534384234384542314335343846414235313633453242333336464544373332463844453430433030313644344146444243313542304445304434433535314232313232333739353739314332373033363239324437413743303430313139394232423243463731344430353246464538454330373445303143313139393530384533313838433837324537444337334330363943454239453632324632364438363232453934384530353436303245423041463838434343434132444234354138324237313633443345443537323744413041363830314243354643453431443834313342434533393337303542383145333831453938454339433742304333383542343431364145414331333543354441313630364630393343303544433536324542303837363841454244414539333445304637344345463534314644463933443531413335333243344242303633314330354433323335373337444144383545424641393834433138384338393732324432313333384338423837433737453035444537444338393131453030423442323338304446383042463536433035383032414546453535334436303646304243433034454534363044374444423839433830443339384145344544304345434446414338363830364636324146313541353246384243383733433030454330313337364630444645423943424243373339423734453034463846434239374236334130304633303445343439363535433039304436303633453134393135463532373046353933383042373831384543303339343044373343304438423331353644463330443043354131333941374332343046464144373146384331433033324130313746303936433530423434383043463833334144383439464637413835384341373135463034303132423033373037323630314533383132463830354434343634373433453430373543453335343134333431354636354635413432304136363244443441314339433838443438414338304436383243464634323334444346373535453744433831324243423034353741324431414539354244374535453231453346393036304443313043303337333742313345464441413231453834424532324632374430314641454138344336463843463243463734333542453837313537333431414144384441393538333335314446373442314243303739464131333130414144324131393334323246323737453735433437453036393334373845413239453744433539323237323442433445313733334645353542353643384532444531363045443937354345373533374539413330443141343837333643383143303045314137444237314339383536343641303337333033354535373536303646453030363630314631314539383234363033354535304334423946453145333539324236414637344530383843383637363838384545463336383936444543444345423932423243393632323032374331364634373134383937414433344642433246394236453937463033304531353931454234344134423634303644303744313545443346324344303943383633304333423032324630313542303346423842383831333931423730323335343534344645303946343731434533353242453233303545333141453539303945423744353830363037353433373533454230303836313946304142323243303637374537323745384535414241424235373130443041423943373344374130383131383946303242423839433842333035454536363446413037354132464135303241463144443339373732393730323344303546343438363236384233393730434536443035464331393338413638384333393930364543363638393443453535434633463530444330453946364542333241303246313042383846434630304145413935344430353736414530434438334330443543454239304532324632353639393137424531413138383734363545434430353045333237314145443044343142324444454630353839323331423434343033373930453331393146463135453038413634394538333143394536463733453035454530364634304537353439393639423638313833323441323632384144434346413231314130464239414238354332454541393132393345343436343835373345453534363033444533463845374131333641383531313138374346384343364132324539413042434243444439383135423044454337313630454636323830444435433931433730303846383445443031434542393236434542393131433031424236463937413141313045453434374443313535373946364242394638313641423838383543394332363044463537304442434335303137314335343043303936463239373030423941413635433445334130393938394143354238393730333237413243393530303045323943444233423032374345364336394241423830413339433733374239353731323832333830464541363632454339463439363836443845373430344541384142413344303138433646413132454341304532323732383538383243333444374430323736383536443735363739413832384537444131433737313539313139363933454246333639413344313644304434323243464642323836303546353332314341373144303742363836414634383431434636454446314330414641383231364641323733414536393034463843433638423437314435423143454239333543414230453843373033313741333436433441453435303433423638413044313343363039363733364534444537444346353638353635443146313131393932453830353730434541443839443637334142433945314239314130323737413031353630334144424531393138453836303339424441454632463033463731354639433035463643303745443635363544413742464438303337373241393834323332323733343345334445303842383332303237433636313342374343463444413244343242413633413943304245393538313632303937303438333136424443333945374236303030453430304232464234343137334534333730333736414332374242364532373542424246374233454336423544333434374531363745303038313146393646383644433645423042443544383641363238414632384331464133463033334336314339343841353543464237354544303042453342384636364145413332454631453937344537444339363131453033333542463437374431373044353431453631423245433538323537413336453936323642364239453731374239434238314330373736383541453836433334393041373837383832434139453733423544383042374233303933443736434536443834424144433636303236373635313233433633333638323942344433433035423844413543373341353541464638394335413836383934383142344435393033434243323535364542453041413130433635433034463843433639324335413834363241433733364545373132463437373043423033424630393038383343353445344333363535444434464142453134423830374538323732323537363745304442454634363136443137383236343542433038384331313931414242323838314433383136304432333035414430423730323541423330353931454643323045304531303241383730463730323831303437354243313936363233433036373730354144363941344546353035463039384639343730424239433834444344454431354430313031333544383739364530463130364130433642413735344337353738334338334631364536323232464446343043394636463742423433344633353031313139393743354243414338354336314430343734453641413545453031313338304338443333423842353030464246363037443443353038394130433734343030344638434332374546334245333336314230323933304131353934453139434542384432363431374345363943444244463743443233314530353131314639353739314239433944413638434546433532443442374646353231363543373738393731454337343744433435303842464130303131373933344342323130453331354230323236454434433635443541374633383137464130353536433042343145313338383244443242453130313642353639363935313039314439434542393042353030333945393836453946304645304345343245334334303336413033303444453830433738423043463630364330313833343546453037383131373933393842414639463038334332443232424641364539363331373334433141373846383834434342373237433942303246463637364637464230383336393935323637334646454530363943353141383730363933343644334141304636363936433235343739393344363734423334423045413543384233413544464433383743383841453337333136394230423943443732354444433433313243304645344644344435313431384341444532463332443845463334453344303442443931383837414334453545303739324134454232363743414541333831424436374236363033373141304541433635424635463543384338443537383137343331463033443730374630314442304344373435363839393632414444414133453944303046413343393441344434444235373841453138454545383935304146304536304545413633464146433338394241433543323839434631463531454541363746464339343442393537383035443842303846364242353037373233433042303243423934393346333435443737364130363943424442373838464332443837333136453833343631363832383631324446424331413730463738453638353545314442393335443631393530373835334432443844313346414143373643453044343136333444334130323946413030313538434438303044383034364636374542354536463039383446424341373444433841333339343633323544384644363835314638333236433232434230423639374442453937413934373345453439453735433546453735433137453744433946304242304139414144303438424138443831304638303637343436343536313644463646364330374335303341394443373143454239394438304339433034393232333233444337413135453145444131373033304237394542344230354433303833343437453143363032423742423636453846373730384137353133333445424632314144343035373833334430354534343945313439314535373645383743353830434336353342333332414538453838464343443632434334373030453339443733343736354333323934354534333139323234413944384646424537354345314438343236344643343443414637464142303036304246313638443431314638444436394533463245434236363845423645464446394541323046304630444141453936423335443837323139453741454434363532393445434343323930353830383245424233364230423444343635434439433733394435303042464146444639444335463937383233363039464446453845463531374245443545383637453045343434463741463739384433414535424245463536313943303142354438313545303037393234364143303142353543303033363533393941423146373630383139414243313032443445443944443534383646424232433930324234303336333230333034423434444534394632464637364538303539384137453737393831343545303637464638393032303638424438323631463830353637464444314135383831383632434346343445463035444344434434393543423841433036354433434436423130303637423544313142413038373345383939353645433734303631413136464433393730393838384334313334353744333437394138303935413432324430323743303034414537444330394138323546343641453744434542323246323641303638424243384636444543433932323332423230343942414131463741383544343831373633384235333736453944304437353434364644454539393541344644333641364433394632333232344645343331434542444430344333434430443444423835303537384636463544314643463039444430414242393942353335374130373230374642303945383733333446384138393444344435304336353533384239343836314434383731354630333733343236304646313744303235443146353642454545363542344342414243353434344643443535453837344630304644313736383141363530334530413138343030394135343734414430313638373830394330424533463730423630314244304130444237424332313837414142363833443144304442343934393338453733343033363842454443453031323742464432343546363943394232463130453437313337344145313239313645323244323033434445453442373543383945353943413441334643363439383346304437434238414430464532453236443136303532434242333036463646393430413732343630444631364635444146343431453330313836363733304337334241453536383033374430344642373035444231343938363030423939364139323736303338323439464137423931333744344236363835384630313139364644333543434334423439313539423644333141463544314445314146364244354239394139453738314242343545344236334343373141453645453433463332394143453139434642393344393536444531343931383732434246334441433241384434394632423534393232463236343839423743453039363832394144313734344534393530324146374430424541333230413146423146353642384231413642463730394437353437304345464444393339373733423941333446353245374137314539423546354439413432434441373238433439344441424145343836463341353732423334343841363844383137433433454135323337304630363136333845373745343035443232424639414245463833334541354645443945343435463244433633383542413044364632443334354534343342334632394638463541424442334535363245374132313645344442343245443337343235443646324639413244323335463041423846423943374346343436453744433931363630303142314330363741313246443334344344463032363739353738314633353436424431313030393731364238454444364330393336383838454537384434304142463033454139334446304646384431384341333944344342443642363841324645373946354239303436444343314444303438434243363736333032463541363530303646423737413734343045424234364630463643364233463831304542384330433441333846353035463636314338444330364230364234344239433343384232393046373443343537413838423733324546344238314244384531373241373838344342333433364132433641413542443242434242363541394133313642383238384643323730343941374234434537314439433646353439383644424538304242354639303442454141423844453935324434453544384146394534434243434244304341333937463530353743413730313746424239363846444330393734344534433530324144464231413638364442424342443132324137374430433938363338444531324333313236313031343030464438394241444238433741303142443943344236413237414442353946394638303337443145424437444535444539384437364536344645463832354144454637423644334146304134443634463145443631454634343633394445373235434245354236424345334645363646343438303435374238323045313035303530433946344341344531333645364142454446443439303641383445333944343733314636343942323636433431424531413844433645413536413042434634323146364641313231393236453432344531334346373938323444353333443533333341453737414441463339433846464139463331434537363646383946374439383644343235343630444233463745334430314236424646394534333742414444314638383830314236454532333531443736393533333438323133353345423241323231374131413643433230444630343444343733443043414444413541363336324638384236384338453932433630373631363539354139373141433030453042303344453041354131433642364641373634313346303932453546333143364132373742303732423643423838313831463543453643463534344633344230463032394530433241414633384537464141334436464533444432433544323637443834374442393039413333323244423433443036454446393936323241433730314635383042443133354135304534393839303331364132393835384435424346393441453334354243413134313139393635423743363143303031434532394337423136393838383436354337453132304533413332343941443839453945324442394139383745413034393943434644424645374132353338383439443733453344304630453436423242323946314138413630433230364636343942414339463731463232413334364646383345443337444136363735323839323538353031454633334537444330434434304131464136413136364130414332353833443243333739453836453737303134373837373441423331303638364646434241314339303141383142454234413642374635464634373243443344304237384631433530303942393735393634373944423844423944434136313932374442333939394345314533413643314633354339364235334434343530373730413538383743353045324244423732423141333646434642334531303931453732433539453832304434413037424143314442343844394337334246353137374231363530333133434233464231394644373830454230333535324241313946464435304437454234373638384337454335353035353039323742423235454141323341303342443033314344423638363338314337343545344337303246353333443434304432353434344245333741424631383737364238444432443232323731374531443936413443324139393231323237464235424637354237384444453437343445454339423242443236423641394532323237324130373145323137383141333434453438443032384442393039374142353533353346343532384441374233463845453036363838454644313636383638463244423239334542374231443934423245343741444435314630304542413343393439374634393735343831343639464635354133423745394543364331323537444632324635353336354541453738453638384438333637324130394630333532353938453832413033463939354236423934304133433234363136444131443632313442383343394141334439344636373837353438353442384146343938343344313232313639374442333341463837354141333946434435313437334431334344414542414332383046393138394132454639343630314337374342434144433742424439313833304544443941363942353833424130314542303337343745463545424235343434454542363842324538324532323541373937313245433436413731384438424641374238453543464637333242303446414433344230313731444630343942324333453644413236373942393838444430363745463835464343313031383943453433373842433841373435373843363144364430333735304145394435413343444438443633463037424442383839313942363545333545453738324645414137324537343938363533303246443736373641464333333033444435334138443745343139353235343836423144323544393344313830413034374343344431393134433242433546343434413741353941363733414531353735343644344531343546363041394336384146443735323831353445434330394238423433363042463136383831353139454341304431354342464130393735324636333543454642323337353531353539393645393242353643453344364637393938363736413038443044324342434345423941333531333743423539333938364137304534303633304444363433463344454437413443303331303339363537424641424539413431334233393044344336413134353232374534413635373033333633453338334330363532324632383846444639314335423837413543354232413141344131353133363946463334383145463835333438363946363530454236373741323530324245413638383046444633343634414333413437343434363937343837444538363642414441304131333844303345454645353531364544364338324641443237423941303839383841303641334531393239373836373444364442353030464333334433393843374644444430394342354233363745383538303434423736373041424342383432433643323730333644334533304345464436393932463133373433383334443245304539323432454336463833454332333337313434334341344133334137464231394437414434353333303938423939384442373039314130383336413630434445383742323733463835444431394346353437344130313736413343333444444331433846374130304236343041444534333736354231343146363430444432433137443535374539433530433537313730333937384243383632353335463236413032354131344543463731433143463331344538344235443342444330303531393832343333313730353138454346463033424544413832423638463932353541344632304631333331424132373944443433313233324330344534373042373546453443453945463137353843374134393245304230373941334338354430364635453735464137343241393938334137433530394545373936313232444545363641384335464636443133383538333745314643443434423433364330334133333636373531373931373436354145383641323836433041303946384244303730433933443733343930323331334433373543334241453737324533373946363434304544454432303943383730363334363537323430444336303837333743304138433442383038434231423138383432364330324330394644424432363234363538443242453638353145323945383341454131323536324532413431374638313531464133464142323345304537444145423932313238304244324446303943334443464231433644353833313034454339463046424533443137304435334444323731353530334537363943314536423741434238344238303533343545344344354331464333333832314138384646413839323234444437323146364641373038363532433836454643423143344632453330393733373133383741434644444130323444353731304534353242444644363236393330413841424332373045343536333344374530353845324239344442333730443244423644373836353938453735304441304236313443353346384130363738313146394237373345453639333336304344323944324132353641333436433131423643423233423842433846423536393736443744363036363632383138313834454644373138363731413836354144414546433831303034334443443938333644363032344232364131443645454631373933434345463636383232433930343334433041363538423438464244334539394331464335364131423131323631354136304646354244334543304445463841343841414634443232304536453142393632393746443445313846374136443435443135373536453331463243413533443039424236304642374531384631353642353338444233333131413930373432303641363046453643413530354243353137464530343545374443314232324632363030313137423443363338463830353638383243443644363834314338343039414438433235454546344141334142444638433541394346374343353237433345313841444438423230434235433634453433354436394639314339303837393430303038443536383134453231373638344534323341344137363139433741394345423946374344313033363332443535353543453630413342443844454445353134324230414638313741303935413538424642373934414136463933463632453431454639333942353434464138373133423033463833313636363333384243313041314432363530374243383837434545394344423144423843393041324335453931454231353345433636444236343637333842344633333045334231313338323630394637463833363431414430384237423330443941423542353946364445384442373234383432363936423346304243433545353039323042313630423430414435314637443839343734393238433733454533433334383841343936334634363634384533314631424337463941453039393233364437463744383946414545344230314636324130334638314536384138463043303332353843423646343146334543314637364345354438453436344333363434383337314636343032424431364538354336353745433136434538443546453930313646413046463141333843453339423730333730413143354432374636303632464546424330413234344444434631363645354430333738374245413132313541414431393043454645363843433744414138414141414639423738443543333339463738313644463244444431433439364333443033304346364446334138423742453130304444374644364231453341374233393238393037434445413830373334304444303230393533443443373739463642383632464430393244454644333238434135303843413738444439353846364545413943364239303435393645313330463441454245353734424339333531334636464230413442373231413830393631453042444637454642413941393643423735414235413639323533353541393342333442314232303339413434463131373333454133343437374443453831433141333141373545333743364138374333464243304542443946383730344441344243314641443237313744303642383032423532343836464335393337334545303833334241373534453936303736454531423046374133353138323837354232454332343132363531424438434336333346433932343133463244353134423735303336303442313146393238384633313446303145453131393138374433373046363042443030304135393744304434453145463242363042454437423238333333303836314645363742394644463335354142463830364146343245334137373742313039394635394139303131313235394138463944443044323545454431323644313643454239434536384230443038423638383043414432334346413339443537344433353734344134353339453633454538384536434430464235303336374239343530413645323132323533324343304542343644343738374232374541314146433935383843413233443239373933304344434233454432373232414430413334444234344642323043373745353333343532463034343033443541383032314338413431384546443433303535384333443739443733323741324539443337443944373346374132334546354131434542393542353133374543434636384543433445334431313241464336314333454132413431433733304245334534344639423441443531443044433045393946324146333244434246363142413141454139343643303236383544323535324435363632333445414442303733353836374438434436463642424142343437454636303846303131414439344130444630333244433346343039314139444638353441313534314430423432394130414243323632324242313737384443393739393145464334304234384139313438314635314536363246323243363042423232333544464439354532373137313845434244383034363131443832334330343735343539313431384539394532453230443830463333443541333437333442443131453032334141314335354131314142443830463332423334333941373530324143323230443434444638354233344342313145303233414131434441303241444434334141353130333630314242443845323543423445364445344644314634343638303846413842323238383843383942354430304230463734374133463530453245373434443830303846303131343535343138354143373545453745363031463431414234314335393642333436323645363933344144383541334541363830413232324132303035443938413946453630384636463535303633444637464431314346363038454331313837384632383546384137394445323143303135373144464446413143303444303737373945414439393033443846373436333346313245313439314339443132413935313146303331434636423835303636414543384241363342463638444642464534423331434630423043333343424430353034443137463746443637363339453537314246374644414132433336453035453638444442394144443045384139463345324245464635433344394644463132304442354443314542353036463738434642464543373139463433333038443833414545464230334544464446413638434337373637333444354235354644434637354642354646384430314536433737443746344338364533424644314336464632313730344544434637363741343141363743434633394141334639443031323945413731434536453137463043363331394345464230354643463132364444354330453844454434443734444632364545464246333031343445343442453744433243333433444634314643394336394233383345324243424644353733343446424639423838374331323745423634433945323733343046423536383131383936313731444642463737363530313631434346333336343641333146373734313333313937424335374442463238363542323332313545393035324439414430444131363637343443323036354230373844364643454235453243423844443636363333333443353731343239414346354638424536353836463630323245303735313936454430424544344435343730463945454235353630323346423744343445383746383338313745463642443734373432423941413944353043414445453341323143443338334642363345463339413837423845463537303538303038464639453845453242454446323939333033333230443144363830374644383130393746334631423844373935464142424543334338333935373633313734434345303642453031463630444330394543354331393544383736303342343232454636383536324542413041304436464445434335453437393635424134454630414543314346374644323536383335393143344541333542353736373846433337304445383545333732453341333745363739334230324237433437444246363332303541433633434146444133363531424146384542344543304339373144464646333145363739423738373434433937343543454439414238454638373744423930373030363743373744464634373033443738344430303646413244453637394437413036353943374141354439364344423835394537314133443033433234314436374443463739424442363743463439363832374442373943383641394536333945373732353741443936363442364237423834343932303546443832363142364131323543424642384546434643413030463037374130373742324644304542303139434633464646343044333636434443363745424636344339423733314346414245444432423545424241323246323642433038354242373445444241393743443742384643353842313643443742374243453943394636423537414331383045314331394633424344453731444646463330434633443544383544454335344542324537384446424645354446364246463738433739444430314434433437443746414435343746423734334646373639333543374345304637373141364638374343413745353335303937303035463331434631423435433843423931413246443938384441373144394133413745363644434637354632423234383736463831353545323843373935453644353839344234444631374131464544323633443342343733313335413538313045334236383932374631373242343132433845393639444136393036324342314245313735333537324442343345444130463444423334433743414546414632413636373530353730333245313341303044333234394131343731454533434336363145423239414537423845463046384246424645433636383632344230463630373444434637374634354542313133343330303936453130363932414434433433434146303935414346453031323630393739384537333530454644424245443932454642454633414141424142333744454144353341373233303037314345334444454135364244374130423645303539363842314430424444463741463343444344364135374143313838393936453631453835443632364343353532434145343536423241344342343637344546414243453137314441363142354239303142334245424644463639443235394232373146454346453744334634394238433541303234313435444641463333313843463144443636363042393332323646324633343837464631324144343046333644444346374142433238304346353246343941303430433335314437363246354246433330333534303042353644433437354438444546363446343244423039453844363534334541414138354436343745423939453831384136343530364341353436354237313641314237433036344232453143453430384231444334453242454646344431454533434336363145423239414537393845373944383235364337464439333139443641413432354346313341393337453636433433434146353939414636463742314333454245424430464236373432363331463332374243453943343542334537434337393045414432364643334232383435413434374538464437363638463541313830373241453730364337333543363546363938303738314144454137394445444643373139463746444335343945363345463145464635384446333746334539464136444636344634384441393744304244313842324342453445333339453644383038374533424546463442434346333145413341454636374543313338464336344530454339384537333538393739444534453739324343413332444238433633383130373032463133414536373946333632394537373834314434303044443137424238454241333637383146454336363943453430454632383446343738423132344534453643333330453838373944453541333143463342323545363739324632343931303042454345303045434337303038444533424537463543303845433539384633333837373943383641394538443442304434343242464131453644374441453131413833303539454145463833454442303346334235313846344639383833464145383144453335453335363638333638343646454234394342413732444632393946423742453731323646393742424445333443463246393741464234443432443338304633363239454437443432344535413936394441394630464634383837394445394144363745433636314343393937324638363136363435354330344643324231333042364641323035333932343039384333354244363334304538444638334343363033353131344444394543394243364241334244344336333331343244354244353342383336373938363142414432374436313233423142444246433843363734344131324444454138353043444142453046363831384633424345423132394533374539333839334138343443314537454239443837464145363338383935353342443933433046343632424635364538433536463442443838374132414642413630313743323044363345383544454434393343423338464239413338464137384343463342453031364538434642464533353639394532423544314630423432393236334141453733443331434245373444334143453741334539463644424631373938304142374430463634394146333445334539363736324644353842333042463543464336433042313541353043434633444131423330363339393730423339384537443541303135363234453838464246453343323238413638313541304435323644323245454546423733454439344344443436353333314142383333303237423434414231324644334633383342313845423638354131383541303030303030303034393435344534344145343236303832, 'Logo SiMaPe CC BY-SA v3.0', 1386616630);

COMMIT;

-- -----------------------------------------------------
-- Data for table `SiMaPe`.`Empleado`
-- -----------------------------------------------------
START TRANSACTION;
USE `SiMaPe`;
INSERT INTO `SiMaPe`.`Empleado` (`EmpleadoId`, `Nombre`, `Apellido`, `FicheroId`, `Titulo`, `Sexo`, `FechaNac`, `FechaIngresoDependencia`, `FechaIngresoJusticia`, `ResolIngreso_Nro`, `ResolIngreso_Año`, `DocumentoNro`, `CUIL`, `LegajoNro`, `TelNro`, `TelCodArea`, `CelNro`, `CelCodArea`, `Email`, `NivelEstudioId`, `ProfesionTitulo`, `EstadoCivil`, `EstadoId`, `Comentario`, `CreacionTimestamp`, `ModificacionTimestamp`) VALUES (1, 'SiMaPe', 'SiMaPe', 1, NULL, 'M', '2013-11-28', '0000-00-00', '0000-00-00', 0, 0, 0, 0, 0, '0', '0', '0', '0', 'simape@simape.com.ar', 1, NULL, 'Soltero', 1, 'GNU GPL v3.0 (C) Iván Ariel Barrera Oro', 1386012582, 1386012582);

COMMIT;

-- -----------------------------------------------------
-- Data for table `SiMaPe`.`Provincia`
-- -----------------------------------------------------
START TRANSACTION;
USE `SiMaPe`;
INSERT INTO `SiMaPe`.`Provincia` (`ProvinciaId`, `Nombre`) VALUES (1, 'Ciudad Autónoma de Buenos Aires');
INSERT INTO `SiMaPe`.`Provincia` (`ProvinciaId`, `Nombre`) VALUES (2, 'Buenos Aires');
INSERT INTO `SiMaPe`.`Provincia` (`ProvinciaId`, `Nombre`) VALUES (3, 'Catamarca');
INSERT INTO `SiMaPe`.`Provincia` (`ProvinciaId`, `Nombre`) VALUES (4, 'Chaco');
INSERT INTO `SiMaPe`.`Provincia` (`ProvinciaId`, `Nombre`) VALUES (5, 'Chubut');
INSERT INTO `SiMaPe`.`Provincia` (`ProvinciaId`, `Nombre`) VALUES (6, 'Córdoba');
INSERT INTO `SiMaPe`.`Provincia` (`ProvinciaId`, `Nombre`) VALUES (7, 'Entre Ríos');
INSERT INTO `SiMaPe`.`Provincia` (`ProvinciaId`, `Nombre`) VALUES (8, 'Formosa');
INSERT INTO `SiMaPe`.`Provincia` (`ProvinciaId`, `Nombre`) VALUES (9, 'Jujuy');
INSERT INTO `SiMaPe`.`Provincia` (`ProvinciaId`, `Nombre`) VALUES (10, 'La Pampa');
INSERT INTO `SiMaPe`.`Provincia` (`ProvinciaId`, `Nombre`) VALUES (11, 'La Rioja');
INSERT INTO `SiMaPe`.`Provincia` (`ProvinciaId`, `Nombre`) VALUES (12, 'Mendoza');
INSERT INTO `SiMaPe`.`Provincia` (`ProvinciaId`, `Nombre`) VALUES (13, 'Misiones');
INSERT INTO `SiMaPe`.`Provincia` (`ProvinciaId`, `Nombre`) VALUES (14, 'Neuquén');
INSERT INTO `SiMaPe`.`Provincia` (`ProvinciaId`, `Nombre`) VALUES (15, 'Río Negro');
INSERT INTO `SiMaPe`.`Provincia` (`ProvinciaId`, `Nombre`) VALUES (16, 'Salta');
INSERT INTO `SiMaPe`.`Provincia` (`ProvinciaId`, `Nombre`) VALUES (17, 'San Juan');
INSERT INTO `SiMaPe`.`Provincia` (`ProvinciaId`, `Nombre`) VALUES (18, 'San Luis');
INSERT INTO `SiMaPe`.`Provincia` (`ProvinciaId`, `Nombre`) VALUES (19, 'Santa Cruz');
INSERT INTO `SiMaPe`.`Provincia` (`ProvinciaId`, `Nombre`) VALUES (20, 'Santa Fe');
INSERT INTO `SiMaPe`.`Provincia` (`ProvinciaId`, `Nombre`) VALUES (21, 'Santiago del Estero');
INSERT INTO `SiMaPe`.`Provincia` (`ProvinciaId`, `Nombre`) VALUES (22, 'Tierra del Fuego, Antártida e Islas del Atlántico Sur');

COMMIT;

-- -----------------------------------------------------
-- Data for table `SiMaPe`.`Escalafon`
-- -----------------------------------------------------
START TRANSACTION;
USE `SiMaPe`;
INSERT INTO `SiMaPe`.`Escalafon` (`EscalafonId`, `Nombre`) VALUES (1, 'Juez de Corte Suprema');
INSERT INTO `SiMaPe`.`Escalafon` (`EscalafonId`, `Nombre`) VALUES (2, 'Juez de Cámara de Casación');
INSERT INTO `SiMaPe`.`Escalafon` (`EscalafonId`, `Nombre`) VALUES (3, 'Juez de Cámara');
INSERT INTO `SiMaPe`.`Escalafon` (`EscalafonId`, `Nombre`) VALUES (4, 'Secretario CSJN');
INSERT INTO `SiMaPe`.`Escalafon` (`EscalafonId`, `Nombre`) VALUES (5, 'Juez de Primera Instancia');
INSERT INTO `SiMaPe`.`Escalafon` (`EscalafonId`, `Nombre`) VALUES (6, 'Secretario de Cámara Electoral');
INSERT INTO `SiMaPe`.`Escalafon` (`EscalafonId`, `Nombre`) VALUES (7, 'Secretario Letrado CSJN');
INSERT INTO `SiMaPe`.`Escalafon` (`EscalafonId`, `Nombre`) VALUES (8, 'Director General');
INSERT INTO `SiMaPe`.`Escalafon` (`EscalafonId`, `Nombre`) VALUES (9, 'Contador Auditor');
INSERT INTO `SiMaPe`.`Escalafon` (`EscalafonId`, `Nombre`) VALUES (10, 'Subdirector General');
INSERT INTO `SiMaPe`.`Escalafon` (`EscalafonId`, `Nombre`) VALUES (11, 'Director Médico');
INSERT INTO `SiMaPe`.`Escalafon` (`EscalafonId`, `Nombre`) VALUES (12, 'Perito Médico');
INSERT INTO `SiMaPe`.`Escalafon` (`EscalafonId`, `Nombre`) VALUES (13, 'Perito Contador');
INSERT INTO `SiMaPe`.`Escalafon` (`EscalafonId`, `Nombre`) VALUES (14, 'Perito Calígrafo');
INSERT INTO `SiMaPe`.`Escalafon` (`EscalafonId`, `Nombre`) VALUES (15, 'Perito Químico');
INSERT INTO `SiMaPe`.`Escalafon` (`EscalafonId`, `Nombre`) VALUES (16, 'Secretario de Cámara');
INSERT INTO `SiMaPe`.`Escalafon` (`EscalafonId`, `Nombre`) VALUES (17, 'Secretario Electoral de Capital');
INSERT INTO `SiMaPe`.`Escalafon` (`EscalafonId`, `Nombre`) VALUES (18, 'Prosecretario Letrado');
INSERT INTO `SiMaPe`.`Escalafon` (`EscalafonId`, `Nombre`) VALUES (19, 'Intendente');
INSERT INTO `SiMaPe`.`Escalafon` (`EscalafonId`, `Nombre`) VALUES (20, 'Subdirector Adjunto');
INSERT INTO `SiMaPe`.`Escalafon` (`EscalafonId`, `Nombre`) VALUES (21, 'Secretario de Juzgado');
INSERT INTO `SiMaPe`.`Escalafon` (`EscalafonId`, `Nombre`) VALUES (22, 'Secretario Electoral Interior');
INSERT INTO `SiMaPe`.`Escalafon` (`EscalafonId`, `Nombre`) VALUES (23, 'Prosecretario de Cámara');
INSERT INTO `SiMaPe`.`Escalafon` (`EscalafonId`, `Nombre`) VALUES (24, 'Subsecretario Administrativo');
INSERT INTO `SiMaPe`.`Escalafon` (`EscalafonId`, `Nombre`) VALUES (25, 'Prosecretario Electoral');
INSERT INTO `SiMaPe`.`Escalafon` (`EscalafonId`, `Nombre`) VALUES (26, 'Secretario Contable');
INSERT INTO `SiMaPe`.`Escalafon` (`EscalafonId`, `Nombre`) VALUES (27, 'Subintendente');
INSERT INTO `SiMaPe`.`Escalafon` (`EscalafonId`, `Nombre`) VALUES (28, 'Prosecretario Jefe');
INSERT INTO `SiMaPe`.`Escalafon` (`EscalafonId`, `Nombre`) VALUES (29, 'Jefe de Departamento');
INSERT INTO `SiMaPe`.`Escalafon` (`EscalafonId`, `Nombre`) VALUES (30, 'Segundo Jefe de Departamento');
INSERT INTO `SiMaPe`.`Escalafon` (`EscalafonId`, `Nombre`) VALUES (31, 'Prosecretario Administrativo');
INSERT INTO `SiMaPe`.`Escalafon` (`EscalafonId`, `Nombre`) VALUES (32, 'Jefe de Despacho');
INSERT INTO `SiMaPe`.`Escalafon` (`EscalafonId`, `Nombre`) VALUES (33, 'Oficial Mayor');
INSERT INTO `SiMaPe`.`Escalafon` (`EscalafonId`, `Nombre`) VALUES (34, 'Oficial');
INSERT INTO `SiMaPe`.`Escalafon` (`EscalafonId`, `Nombre`) VALUES (35, 'Escribiente');
INSERT INTO `SiMaPe`.`Escalafon` (`EscalafonId`, `Nombre`) VALUES (36, 'Escribiente Auxiliar');
INSERT INTO `SiMaPe`.`Escalafon` (`EscalafonId`, `Nombre`) VALUES (37, 'Auxiliar');
INSERT INTO `SiMaPe`.`Escalafon` (`EscalafonId`, `Nombre`) VALUES (38, 'Supervisor');
INSERT INTO `SiMaPe`.`Escalafon` (`EscalafonId`, `Nombre`) VALUES (39, 'Jefe de Sección');
INSERT INTO `SiMaPe`.`Escalafon` (`EscalafonId`, `Nombre`) VALUES (40, 'Encargado de Sección');
INSERT INTO `SiMaPe`.`Escalafon` (`EscalafonId`, `Nombre`) VALUES (41, 'Oficial de Servicio');
INSERT INTO `SiMaPe`.`Escalafon` (`EscalafonId`, `Nombre`) VALUES (42, 'Medio Oficial');
INSERT INTO `SiMaPe`.`Escalafon` (`EscalafonId`, `Nombre`) VALUES (43, 'Ayudante');

COMMIT;

-- -----------------------------------------------------
-- Data for table `SiMaPe`.`LicenciaOrdinariaDesc`
-- -----------------------------------------------------
START TRANSACTION;
USE `SiMaPe`;
INSERT INTO `SiMaPe`.`LicenciaOrdinariaDesc` (`LicenciaOrdinariaDescId`, `Nombre`, `MaxDiasAño`, `MaxParticiones`, `AfectaDiaLaboral`, `AfectaDiaNoLaboral`) VALUES (1, 'Feria Julio', 10, 1, 1, 0);
INSERT INTO `SiMaPe`.`LicenciaOrdinariaDesc` (`LicenciaOrdinariaDescId`, `Nombre`, `MaxDiasAño`, `MaxParticiones`, `AfectaDiaLaboral`, `AfectaDiaNoLaboral`) VALUES (2, 'Feria Enero', 31, 1, 1, 1);

COMMIT;

-- -----------------------------------------------------
-- Data for table `SiMaPe`.`LicenciaExtraordinariaDesc`
-- -----------------------------------------------------
START TRANSACTION;
USE `SiMaPe`;
INSERT INTO `SiMaPe`.`LicenciaExtraordinariaDesc` (`LicenciaExtraordinariaDescId`, `Nombre`, `Articulo`, `AcordadaNro`, `AcordadaAño`, `Transcripcion`) VALUES (1, 'Maternidad', 20, 34, 1977, 'Los agentes del sexo femenino tendrán derecho a una licencia especial de noventa días por parto, debiendo acreditar -con suficiente antelación- mediante certificado médico, la fecha prevista para aquél. En caso de anormalidad en el proceso de gestación o posterior al parto podrá concederse la licencia establecida en los arts. 22do. y 23ro. según corresponda.  Las agentes gozarán de la licencia a que se refiere el párrafo anterior en dos períodos iguales, uno anterior y otro posterior al parto. Sin embargo, acreditando autorización médica, podrán solicitar la reducción del período previo hasta veinte días, en cuyo caso se extenderá proporcionalmente al período posterior. Este criterio se aplicará también cuando el parto se adelante respecto de la fecha prevista.');
INSERT INTO `SiMaPe`.`LicenciaExtraordinariaDesc` (`LicenciaExtraordinariaDescId`, `Nombre`, `Articulo`, `AcordadaNro`, `AcordadaAño`, `Transcripcion`) VALUES (2, 'Antención de Familiar Enfermo', 29, 34, 1977, 'Para la atención de un miembro del grupo familiar del agente, que se encuentre enfermo o accidentado y requiera cuidado personal de éste, se otorgará una licencia especial de hasta veinte días anuales en forma continua o discontinua, con percepción de haberes.  Si fuere necesario prorrogar esta licencia, podrá concedérsela por otros sesenta días, sin goce de haberes. En cada caso deberán probarse debidamente las circunstancias invocadas.');
INSERT INTO `SiMaPe`.`LicenciaExtraordinariaDesc` (`LicenciaExtraordinariaDescId`, `Nombre`, `Articulo`, `AcordadaNro`, `AcordadaAño`, `Transcripcion`) VALUES (3, 'Matrimonio', 30, 34, 1977, 'Los beneficiarios comprendidos en el Art. 1º, con más de seis meses de antigüedad en el Poder Judicial, tendrán derecho a licencia extraordinaria con goce de sueldo hasta quince días laborables con motivo de la celebración de su matrimonio, debiendo acreditar la causal invocada dentro de los diez días posteriores al término de la licencia.');
INSERT INTO `SiMaPe`.`LicenciaExtraordinariaDesc` (`LicenciaExtraordinariaDescId`, `Nombre`, `Articulo`, `AcordadaNro`, `AcordadaAño`, `Transcripcion`) VALUES (4, 'Actividades científicas, culturales o deportivas', 31, 12, 2004, 'Los funcionarios y empleados que cuenten con una antigüedad en el Poder Judicial de la Nación, mayor de tres años podrán solicitar licencia extraordinaria a fin de desarrollar actividades científicas o culturales que resulten de interés para la función, por el término de un año con percepción de haberes y por un año más sinb foce de los mismos, si a juicio de la autoridad competente no se afectara la debida prestación del servicio, Cuando esas actividades carezcan de dicho interés, el beneficio podrá otorgarse por un año, sin percepción de haberes con la misma reserva.  También podrán pedir licencia extraordinaria con el objeto de participar en actividades deportivas, la que se acordará en los casos bajo las condiciones previstas para el personal de la administración pública.  Los jueces de la Corte Suprema deberán solicitar esta licencia al Tribunal, y los de los tribunales inferiores al Consejo de la Magistratura. ');
INSERT INTO `SiMaPe`.`LicenciaExtraordinariaDesc` (`LicenciaExtraordinariaDescId`, `Nombre`, `Articulo`, `AcordadaNro`, `AcordadaAño`, `Transcripcion`) VALUES (5, 'Exámenes', 32, 12, 2004, 'Se concederá licencia con goce de haberes, para rendir examen, a los agentes estudiantes que cuenten con una antigüedad en el Poder Judicial mayor de seis meses y que cursen estudios en establecimientos universitarios -oficiales, privados o incorporados-, técnicos, secundarios o profesionales reconocidos por el Gobierno Nacional.  Esta licencia podrá ser acordada hasta un máximo de veinte días laborables en el año calendario y en períodos no mayores de cinco días, salvo el supuesto de prórroga del examen.  La causal invocada deberá acreditarse con certificado autenticado en el que se indique la materia, la fecha de la prueba y la postergación, en su caso. No cumplido este requisito dentro de los cinco días posteriores al examen se descontarán los días no trabajados, sin perjuicio de la aplicación de las sanciones que correspondieren.');
INSERT INTO `SiMaPe`.`LicenciaExtraordinariaDesc` (`LicenciaExtraordinariaDescId`, `Nombre`, `Articulo`, `AcordadaNro`, `AcordadaAño`, `Transcripcion`) VALUES (6, 'Motivos Particulares', 33, 12, 2004, 'Los beneficiarios comprendidos en el art. 1º que tengan más de un año de antigüedad en el desempeño de funciones en el Poder Judicial de la Nación podrán solicitar licencia extraordinaria por motivos particulares debidamente fundados, sin goce de haberes, quedando a criterio de la autoridad concedente la apreciación de dichos fundamentos.  Esta solicitud podrá efectuarse por períodos no inferiores a dos meses y hasta un máximo de seis meses cada cinco años.  Cuando las licencias por motivos particulares debidamente fundados excedan el plazo previsto, deberán ser concedidas por el presidente de la Corte Suprema para los integrantes y personal de ésta, y por el Consejo de la Magistratura para el resto del personal judicial.');
INSERT INTO `SiMaPe`.`LicenciaExtraordinariaDesc` (`LicenciaExtraordinariaDescId`, `Nombre`, `Articulo`, `AcordadaNro`, `AcordadaAño`, `Transcripcion`) VALUES (7, 'Nacimiento o casamiento de hijo', 34, 12, 2004, 'Los agentes tienen derecho a la justificación de inasistencias, con percepción de haberes, por las causales y por el tiempo que para cada caso se establece a continuación: a) Nacimiento o casamiento de hijo: Dos días laborales, incluyendo el del nacimiento o casamiento.  Estos plazos podrán prorrogarse sólo en casos excepcionales o en razón de la distancia a que el agente deba concurrir fuera del lugar de su asiento, hallándose esta circunstancia debidamente acreditada.');
INSERT INTO `SiMaPe`.`LicenciaExtraordinariaDesc` (`LicenciaExtraordinariaDescId`, `Nombre`, `Articulo`, `AcordadaNro`, `AcordadaAño`, `Transcripcion`) VALUES (9, 'Fallecimiento del cónyuge, hijos o padres', 34, 12, 2004, 'Los agentes tienen derecho a la justificación de inasistencias, con percepción de haberes, por las causales y por el tiempo que para cada caso se establece a continuación: b) Fallecimiento: 1) del cónyuge, hijos o padres: cinco días laborables.  Estos plazos podrán prorrogarse sólo en casos excepcionales o en razón de la distancia a que el agente deba concurrir fuera del lugar de su asiento, hallándose esta circunstancia debidamente acreditada.');
INSERT INTO `SiMaPe`.`LicenciaExtraordinariaDesc` (`LicenciaExtraordinariaDescId`, `Nombre`, `Articulo`, `AcordadaNro`, `AcordadaAño`, `Transcripcion`) VALUES (10, 'Integración de mesa examinadora', 34, 12, 2004, 'Los agentes tienen derecho a la justificación de inasistencias, con percepción de haberes, por las causales y por el tiempo que para cada caso se establece a continuación: d) Por integración de mesas examinadoras en turnos oficiales de examen en la docencia, hasta seis días por año.  Este beneficio se otorgará únicamente a los que estén debidamente autorizados para ejercerla.');
INSERT INTO `SiMaPe`.`LicenciaExtraordinariaDesc` (`LicenciaExtraordinariaDescId`, `Nombre`, `Articulo`, `AcordadaNro`, `AcordadaAño`, `Transcripcion`) VALUES (11, 'Reducción horaria y cambio de tareas por Maternidad', 21, 34, 1977, 'La agente madre del lactante tendrá derecho a la reducción horaria prevista en las leyes vigentes, y la que con motivo de su embarazo sufra una disminución de su capacidad de trabajo, debidamente acreditada con certificado médico, a un cambio de tareas a una acorde reducción horaria.');
INSERT INTO `SiMaPe`.`LicenciaExtraordinariaDesc` (`LicenciaExtraordinariaDescId`, `Nombre`, `Articulo`, `AcordadaNro`, `AcordadaAño`, `Transcripcion`) VALUES (12, 'Enfermedad: Afecciones comunes', 22, 34, 1977, 'Para tratamiento de afecciones comunes que inhabiliten para el desempeño del trabajo, incluidas lesiones y operaciones quirúrgicas menores, se concederá a los agentes hasta treinta días laborales de licencia por año calendario, en forma continua o discontinua con percepción de haberes. Vencido este plazo cualquier otra licencia que sea necesario acordar en el curso del año por las causales mencionadas, se otorgará sin goce de haberes.');
INSERT INTO `SiMaPe`.`LicenciaExtraordinariaDesc` (`LicenciaExtraordinariaDescId`, `Nombre`, `Articulo`, `AcordadaNro`, `AcordadaAño`, `Transcripcion`) VALUES (13, 'Enfermedad: Afecciones o lesiones de largo tratamiento', 23, 12, 2004, 'Por afecciones o lesiones de largo tratamiento, que inhabiliten temporariamente al agente para el desempeño del trabajo, podrán concederse las siguientes licencias especiales en forma sucesiva: a) Hasta dos años, con goce íntegro de haberes.  b) Hasta un año más, con goce del cincuenta por ciento de haberes.  c) Y hasta seis meses, sin percepción de haberes.  Las disposiciones de los incisos b y c no serán aplicables a los magistrados.  Cumplido el plazo del inciso a o cuando las circunstancias lo aconsejen, la autoridad concedente o el superior decidirá sobre la prórroga de la misma o tomará las medidas que correspondan.');
INSERT INTO `SiMaPe`.`LicenciaExtraordinariaDesc` (`LicenciaExtraordinariaDescId`, `Nombre`, `Articulo`, `AcordadaNro`, `AcordadaAño`, `Transcripcion`) VALUES (14, 'Accidentes de trabajo', 24, 34, 1977, 'En caso de lesiones o enfermedades producidas durante el tiempo de prestación de los servicios por el hecho o en ocasión del trabajo, o por caso fortuito o fuerza mayor inherente al mismo, o cuando el agente se accidente en el trayecto entre el lugar de trabajo y su domicilio o viceversa, siempre que el recorrido no hubiese sido interrumpido o alterado en su interés particular o por causas extrañas al trabajo, la autoridad competente podrá considerar el evento como caso de excepción y ampliar con prudente arbitrio los plazos mencionados en el artículo anterior.');
INSERT INTO `SiMaPe`.`LicenciaExtraordinariaDesc` (`LicenciaExtraordinariaDescId`, `Nombre`, `Articulo`, `AcordadaNro`, `AcordadaAño`, `Transcripcion`) VALUES (15, 'Cambio de tareas o reducción horaria', 28, 34, 1977, 'Los agentes que sufran una disminución en su capacidad de trabajo acreditada con certificado médico, tendrán derecho a un adecuado cambio de tareas o a una acorde reducción horaria.');
INSERT INTO `SiMaPe`.`LicenciaExtraordinariaDesc` (`LicenciaExtraordinariaDescId`, `Nombre`, `Articulo`, `AcordadaNro`, `AcordadaAño`, `Transcripcion`) VALUES (16, 'Cesantía jubilación', 27, 12, 2004, 'Si al término de la licencia máxima prevista en el art. 23 el agente no pudiere reintegrarse a sus trareas, podrá ser declarado cesante.  El cese del agente en virtud de lo dispuesto en el art. 78 del Reglamento para la justicia Nacional sólo podrá disponerse, cuando aquél se hallare en uso de la licencia que contempla el art. 23, luego de agotados los plazos previstos en el mismo.  Esta norma no será aplicable a los magistrados, debiendo estarse a lo establecido en el último párrafo del artículo 23.');
INSERT INTO `SiMaPe`.`LicenciaExtraordinariaDesc` (`LicenciaExtraordinariaDescId`, `Nombre`, `Articulo`, `AcordadaNro`, `AcordadaAño`, `Transcripcion`) VALUES (17, 'Razones Particulares', 34, 12, 2004, 'Los agentes tienen derecho a la justificación de inasistencias, con percepción de haberes, por las causales y por el tiempo que para cada caso se establece a continuación: c) Por razones particulares que resulten atendibles a juicio de la autoridad concedente, hasta seis días laborables por año calendario y no más de dos por mes.');
INSERT INTO `SiMaPe`.`LicenciaExtraordinariaDesc` (`LicenciaExtraordinariaDescId`, `Nombre`, `Articulo`, `AcordadaNro`, `AcordadaAño`, `Transcripcion`) VALUES (18, 'Fallecimiento de pariente (hasta segundo grado: hermanos, abuelos o nietos)', 34, 12, 2004, 'Los agentes tienen derecho a la justificación de inasistencias, con percepción de haberes, por las causales y por el tiempo que para cada caso se establece a continuación: b) Fallecimiento: 2) otros parientes hasta segundo grado: hermanos, abuelos o nietos, dos días laborables.  Estos plazos podrán prorrogarse sólo en casos excepcionales o en razón de la distancia a que el agente deba concurrir fuera del lugar de su asiento, hallándose esta circunstancia debidamente acreditada.');
INSERT INTO `SiMaPe`.`LicenciaExtraordinariaDesc` (`LicenciaExtraordinariaDescId`, `Nombre`, `Articulo`, `AcordadaNro`, `AcordadaAño`, `Transcripcion`) VALUES (20, 'Maternidad múltiple', 10, 0, 0, NULL);
INSERT INTO `SiMaPe`.`LicenciaExtraordinariaDesc` (`LicenciaExtraordinariaDescId`, `Nombre`, `Articulo`, `AcordadaNro`, `AcordadaAño`, `Transcripcion`) VALUES (22, 'Clima - Fuerza Mayor', 14, 3413, 1979, 'Inasistencias motivadas por fenómenos meteorológicos y casos de fuerza mayor, debidamente comprobados.');
INSERT INTO `SiMaPe`.`LicenciaExtraordinariaDesc` (`LicenciaExtraordinariaDescId`, `Nombre`, `Articulo`, `AcordadaNro`, `AcordadaAño`, `Transcripcion`) VALUES (25, 'Rosh Hashana (Ley 26089)', 1, 26089, 2006, 'Declárese días no laborales para todos los habitantes de la Nación Argentina que profesen la religión judía los días de Año Nuevo Judío (Rosh Hashana), dos (2) días, el día del Perdón (Iom Kipur), un (1) día y de la Pascua Judía (Pesaj) los dos (2) primeros días y los dos (2) últimos días.');
INSERT INTO `SiMaPe`.`LicenciaExtraordinariaDesc` (`LicenciaExtraordinariaDescId`, `Nombre`, `Articulo`, `AcordadaNro`, `AcordadaAño`, `Transcripcion`) VALUES (26, 'Iom Kipur (Ley 26089)', 1, 26089, 2006, 'Declárese días no laborales para todos los habitantes de la Nación Argentina que profesen la religión judía los días de Año Nuevo Judío (Rosh Hashana), dos (2) días, el día del Perdón (Iom Kipur), un (1) día y de la Pascua Judía (Pesaj) los dos (2) primeros días y los dos (2) últimos días.');
INSERT INTO `SiMaPe`.`LicenciaExtraordinariaDesc` (`LicenciaExtraordinariaDescId`, `Nombre`, `Articulo`, `AcordadaNro`, `AcordadaAño`, `Transcripcion`) VALUES (27, 'Pesaj (Ley 26089)', 1, 26089, 2006, 'Declárese días no laborales para todos los habitantes de la Nación Argentina que profesen la religión judía los días de Año Nuevo Judío (Rosh Hashana), dos (2) días, el día del Perdón (Iom Kipur), un (1) día y de la Pascua Judía (Pesaj) los dos (2) primeros días y los dos (2) últimos días.');
INSERT INTO `SiMaPe`.`LicenciaExtraordinariaDesc` (`LicenciaExtraordinariaDescId`, `Nombre`, `Articulo`, `AcordadaNro`, `AcordadaAño`, `Transcripcion`) VALUES (28, 'Hégira (Ley 24757)', 1, 24757, 1996, 'Declarase día no laborable para todos los habitantes de la Nación Argentina que profesen la religión islámica, el día del \"Año Nuevo Musulmán\" (Hégira), el día posterior a la culminación del ayuno (Id Al-Fitr); y el día de la Fiesta del Sacrificio (Id Al-Adha). ');
INSERT INTO `SiMaPe`.`LicenciaExtraordinariaDesc` (`LicenciaExtraordinariaDescId`, `Nombre`, `Articulo`, `AcordadaNro`, `AcordadaAño`, `Transcripcion`) VALUES (29, 'Id Al-Fitr (Ley 24757)', 1, 24757, 1996, 'Declarase día no laborable para todos los habitantes de la Nación Argentina que profesen la religión islámica, el día del \"Año Nuevo Musulmán\" (Hégira), el día posterior a la culminación del ayuno (Id Al-Fitr); y el día de la Fiesta del Sacrificio (Id Al-Adha). ');
INSERT INTO `SiMaPe`.`LicenciaExtraordinariaDesc` (`LicenciaExtraordinariaDescId`, `Nombre`, `Articulo`, `AcordadaNro`, `AcordadaAño`, `Transcripcion`) VALUES (30, 'Id Al-Adha (Ley 24757)', 1, 24757, 1996, 'Declarase día no laborable para todos los habitantes de la Nación Argentina que profesen la religión islámica, el día del \"Año Nuevo Musulmán\" (Hégira), el día posterior a la culminación del ayuno (Id Al-Fitr); y el día de la Fiesta del Sacrificio (Id Al-Adha). ');
INSERT INTO `SiMaPe`.`LicenciaExtraordinariaDesc` (`LicenciaExtraordinariaDescId`, `Nombre`, `Articulo`, `AcordadaNro`, `AcordadaAño`, `Transcripcion`) VALUES (31, 'Donación de sangre (Ley 22990)', 47, 22990, 1983, 'Todo donante, por el acto de su donación, adquiere los siguientes derechos: [...] c) Justificación de las inasistencias laborales por el plazo de veinticuatro (24) horas incluido el día de la donación. Cuando ésta sea realizada para hemaféresis, la justificación abarcará treinta y seis (36) horas. En ninguna circunstancia se producirá pérdida o disminución de sueldos, salarios o premios por estos conceptos.');
INSERT INTO `SiMaPe`.`LicenciaExtraordinariaDesc` (`LicenciaExtraordinariaDescId`, `Nombre`, `Articulo`, `AcordadaNro`, `AcordadaAño`, `Transcripcion`) VALUES (32, 'Dirección Pericial (RPJN)', 143, 0, 0, NULL);
INSERT INTO `SiMaPe`.`LicenciaExtraordinariaDesc` (`LicenciaExtraordinariaDescId`, `Nombre`, `Articulo`, `AcordadaNro`, `AcordadaAño`, `Transcripcion`) VALUES (33, 'Ejecución medida disciplinaria', 0, 0, 0, NULL);
INSERT INTO `SiMaPe`.`LicenciaExtraordinariaDesc` (`LicenciaExtraordinariaDescId`, `Nombre`, `Articulo`, `AcordadaNro`, `AcordadaAño`, `Transcripcion`) VALUES (34, 'En Comisión o Diligencia', 0, 0, 0, NULL);
INSERT INTO `SiMaPe`.`LicenciaExtraordinariaDesc` (`LicenciaExtraordinariaDescId`, `Nombre`, `Articulo`, `AcordadaNro`, `AcordadaAño`, `Transcripcion`) VALUES (35, 'Guardia Pasiva', 0, 0, 0, NULL);
INSERT INTO `SiMaPe`.`LicenciaExtraordinariaDesc` (`LicenciaExtraordinariaDescId`, `Nombre`, `Articulo`, `AcordadaNro`, `AcordadaAño`, `Transcripcion`) VALUES (36, 'Medida de fuerza', 0, 0, 0, NULL);
INSERT INTO `SiMaPe`.`LicenciaExtraordinariaDesc` (`LicenciaExtraordinariaDescId`, `Nombre`, `Articulo`, `AcordadaNro`, `AcordadaAño`, `Transcripcion`) VALUES (37, 'Suspención preventiva', 0, 0, 0, NULL);
INSERT INTO `SiMaPe`.`LicenciaExtraordinariaDesc` (`LicenciaExtraordinariaDescId`, `Nombre`, `Articulo`, `AcordadaNro`, `AcordadaAño`, `Transcripcion`) VALUES (38, 'Decreto 3413/79 Administración Pública Nacional', 0, 3413, 1979, 'Otras licencias otorgadas por el Decreto 3413/79 referente a la Administración Pública Nacional');
INSERT INTO `SiMaPe`.`LicenciaExtraordinariaDesc` (`LicenciaExtraordinariaDescId`, `Nombre`, `Articulo`, `AcordadaNro`, `AcordadaAño`, `Transcripcion`) VALUES (39, 'Jornada Compensada', 0, 0, 0, NULL);

COMMIT;

-- -----------------------------------------------------
-- Data for table `SiMaPe`.`LicenciaExtraordinaria`
-- -----------------------------------------------------
START TRANSACTION;
USE `SiMaPe`;
INSERT INTO `SiMaPe`.`LicenciaExtraordinaria` (`LicenciaExtraordinariaId`, `LicenciaExtraordinariaDescId`, `Inciso`, `MaxDiasAño`, `MaxDiasMes`, `MaxDiasCorridos`, `MinDiasCorridos`, `AfectaDiaLaboral`, `AfectaDiaNoLaboral`, `GoceHaberesPorcentual`) VALUES (1, 1, NULL, 0, 0, 180, 20, 1, 1, 100);
INSERT INTO `SiMaPe`.`LicenciaExtraordinaria` (`LicenciaExtraordinariaId`, `LicenciaExtraordinariaDescId`, `Inciso`, `MaxDiasAño`, `MaxDiasMes`, `MaxDiasCorridos`, `MinDiasCorridos`, `AfectaDiaLaboral`, `AfectaDiaNoLaboral`, `GoceHaberesPorcentual`) VALUES (2, 2, NULL, 20, 0, 0, 0, 1, 0, 100);
INSERT INTO `SiMaPe`.`LicenciaExtraordinaria` (`LicenciaExtraordinariaId`, `LicenciaExtraordinariaDescId`, `Inciso`, `MaxDiasAño`, `MaxDiasMes`, `MaxDiasCorridos`, `MinDiasCorridos`, `AfectaDiaLaboral`, `AfectaDiaNoLaboral`, `GoceHaberesPorcentual`) VALUES (3, 3, NULL, 15, 0, 0, 0, 1, 0, 100);
INSERT INTO `SiMaPe`.`LicenciaExtraordinaria` (`LicenciaExtraordinariaId`, `LicenciaExtraordinariaDescId`, `Inciso`, `MaxDiasAño`, `MaxDiasMes`, `MaxDiasCorridos`, `MinDiasCorridos`, `AfectaDiaLaboral`, `AfectaDiaNoLaboral`, `GoceHaberesPorcentual`) VALUES (4, 4, NULL, 365, 0, 0, 0, 1, 1, 100);
INSERT INTO `SiMaPe`.`LicenciaExtraordinaria` (`LicenciaExtraordinariaId`, `LicenciaExtraordinariaDescId`, `Inciso`, `MaxDiasAño`, `MaxDiasMes`, `MaxDiasCorridos`, `MinDiasCorridos`, `AfectaDiaLaboral`, `AfectaDiaNoLaboral`, `GoceHaberesPorcentual`) VALUES (5, 5, NULL, 20, 0, 5, 0, 1, 0, 100);
INSERT INTO `SiMaPe`.`LicenciaExtraordinaria` (`LicenciaExtraordinariaId`, `LicenciaExtraordinariaDescId`, `Inciso`, `MaxDiasAño`, `MaxDiasMes`, `MaxDiasCorridos`, `MinDiasCorridos`, `AfectaDiaLaboral`, `AfectaDiaNoLaboral`, `GoceHaberesPorcentual`) VALUES (6, 6, NULL, 180, 0, 60, 0, 1, 1, 0);
INSERT INTO `SiMaPe`.`LicenciaExtraordinaria` (`LicenciaExtraordinariaId`, `LicenciaExtraordinariaDescId`, `Inciso`, `MaxDiasAño`, `MaxDiasMes`, `MaxDiasCorridos`, `MinDiasCorridos`, `AfectaDiaLaboral`, `AfectaDiaNoLaboral`, `GoceHaberesPorcentual`) VALUES (7, 7, 'A', 0, 0, 2, 0, 1, 0, 100);
INSERT INTO `SiMaPe`.`LicenciaExtraordinaria` (`LicenciaExtraordinariaId`, `LicenciaExtraordinariaDescId`, `Inciso`, `MaxDiasAño`, `MaxDiasMes`, `MaxDiasCorridos`, `MinDiasCorridos`, `AfectaDiaLaboral`, `AfectaDiaNoLaboral`, `GoceHaberesPorcentual`) VALUES (9, 9, 'B1', 0, 0, 5, 0, 1, 0, 100);
INSERT INTO `SiMaPe`.`LicenciaExtraordinaria` (`LicenciaExtraordinariaId`, `LicenciaExtraordinariaDescId`, `Inciso`, `MaxDiasAño`, `MaxDiasMes`, `MaxDiasCorridos`, `MinDiasCorridos`, `AfectaDiaLaboral`, `AfectaDiaNoLaboral`, `GoceHaberesPorcentual`) VALUES (10, 10, 'D', 6, 0, 0, 0, 1, 0, 100);
INSERT INTO `SiMaPe`.`LicenciaExtraordinaria` (`LicenciaExtraordinariaId`, `LicenciaExtraordinariaDescId`, `Inciso`, `MaxDiasAño`, `MaxDiasMes`, `MaxDiasCorridos`, `MinDiasCorridos`, `AfectaDiaLaboral`, `AfectaDiaNoLaboral`, `GoceHaberesPorcentual`) VALUES (11, 11, NULL, 0, 0, 0, 0, 1, 0, 100);
INSERT INTO `SiMaPe`.`LicenciaExtraordinaria` (`LicenciaExtraordinariaId`, `LicenciaExtraordinariaDescId`, `Inciso`, `MaxDiasAño`, `MaxDiasMes`, `MaxDiasCorridos`, `MinDiasCorridos`, `AfectaDiaLaboral`, `AfectaDiaNoLaboral`, `GoceHaberesPorcentual`) VALUES (12, 12, NULL, 30, 0, 0, 0, 1, 0, 100);
INSERT INTO `SiMaPe`.`LicenciaExtraordinaria` (`LicenciaExtraordinariaId`, `LicenciaExtraordinariaDescId`, `Inciso`, `MaxDiasAño`, `MaxDiasMes`, `MaxDiasCorridos`, `MinDiasCorridos`, `AfectaDiaLaboral`, `AfectaDiaNoLaboral`, `GoceHaberesPorcentual`) VALUES (13, 13, 'A', 730, 0, 0, 0, 1, 1, 100);
INSERT INTO `SiMaPe`.`LicenciaExtraordinaria` (`LicenciaExtraordinariaId`, `LicenciaExtraordinariaDescId`, `Inciso`, `MaxDiasAño`, `MaxDiasMes`, `MaxDiasCorridos`, `MinDiasCorridos`, `AfectaDiaLaboral`, `AfectaDiaNoLaboral`, `GoceHaberesPorcentual`) VALUES (14, 14, NULL, 0, 0, 0, 0, 1, 0, 100);
INSERT INTO `SiMaPe`.`LicenciaExtraordinaria` (`LicenciaExtraordinariaId`, `LicenciaExtraordinariaDescId`, `Inciso`, `MaxDiasAño`, `MaxDiasMes`, `MaxDiasCorridos`, `MinDiasCorridos`, `AfectaDiaLaboral`, `AfectaDiaNoLaboral`, `GoceHaberesPorcentual`) VALUES (15, 15, NULL, 0, 0, 0, 0, 1, 0, 100);
INSERT INTO `SiMaPe`.`LicenciaExtraordinaria` (`LicenciaExtraordinariaId`, `LicenciaExtraordinariaDescId`, `Inciso`, `MaxDiasAño`, `MaxDiasMes`, `MaxDiasCorridos`, `MinDiasCorridos`, `AfectaDiaLaboral`, `AfectaDiaNoLaboral`, `GoceHaberesPorcentual`) VALUES (16, 16, NULL, 0, 0, 0, 0, 1, 1, 100);
INSERT INTO `SiMaPe`.`LicenciaExtraordinaria` (`LicenciaExtraordinariaId`, `LicenciaExtraordinariaDescId`, `Inciso`, `MaxDiasAño`, `MaxDiasMes`, `MaxDiasCorridos`, `MinDiasCorridos`, `AfectaDiaLaboral`, `AfectaDiaNoLaboral`, `GoceHaberesPorcentual`) VALUES (17, 17, 'C', 6, 2, 0, 0, 1, 0, 100);
INSERT INTO `SiMaPe`.`LicenciaExtraordinaria` (`LicenciaExtraordinariaId`, `LicenciaExtraordinariaDescId`, `Inciso`, `MaxDiasAño`, `MaxDiasMes`, `MaxDiasCorridos`, `MinDiasCorridos`, `AfectaDiaLaboral`, `AfectaDiaNoLaboral`, `GoceHaberesPorcentual`) VALUES (18, 18, 'B2', 0, 0, 2, 0, 1, 0, 100);
INSERT INTO `SiMaPe`.`LicenciaExtraordinaria` (`LicenciaExtraordinariaId`, `LicenciaExtraordinariaDescId`, `Inciso`, `MaxDiasAño`, `MaxDiasMes`, `MaxDiasCorridos`, `MinDiasCorridos`, `AfectaDiaLaboral`, `AfectaDiaNoLaboral`, `GoceHaberesPorcentual`) VALUES (19, 13, 'B', 365, 0, 0, 0, 1, 1, 50);
INSERT INTO `SiMaPe`.`LicenciaExtraordinaria` (`LicenciaExtraordinariaId`, `LicenciaExtraordinariaDescId`, `Inciso`, `MaxDiasAño`, `MaxDiasMes`, `MaxDiasCorridos`, `MinDiasCorridos`, `AfectaDiaLaboral`, `AfectaDiaNoLaboral`, `GoceHaberesPorcentual`) VALUES (20, 20, '6', 0, 0, 0, 0, 1, 1, 100);
INSERT INTO `SiMaPe`.`LicenciaExtraordinaria` (`LicenciaExtraordinariaId`, `LicenciaExtraordinariaDescId`, `Inciso`, `MaxDiasAño`, `MaxDiasMes`, `MaxDiasCorridos`, `MinDiasCorridos`, `AfectaDiaLaboral`, `AfectaDiaNoLaboral`, `GoceHaberesPorcentual`) VALUES (21, 13, 'C', 180, 0, 0, 0, 1, 1, 0);
INSERT INTO `SiMaPe`.`LicenciaExtraordinaria` (`LicenciaExtraordinariaId`, `LicenciaExtraordinariaDescId`, `Inciso`, `MaxDiasAño`, `MaxDiasMes`, `MaxDiasCorridos`, `MinDiasCorridos`, `AfectaDiaLaboral`, `AfectaDiaNoLaboral`, `GoceHaberesPorcentual`) VALUES (22, 22, 'C', 0, 0, 0, 0, 1, 0, 100);
INSERT INTO `SiMaPe`.`LicenciaExtraordinaria` (`LicenciaExtraordinariaId`, `LicenciaExtraordinariaDescId`, `Inciso`, `MaxDiasAño`, `MaxDiasMes`, `MaxDiasCorridos`, `MinDiasCorridos`, `AfectaDiaLaboral`, `AfectaDiaNoLaboral`, `GoceHaberesPorcentual`) VALUES (23, 2, NULL, 60, 0, 0, 0, 1, 0, 0);
INSERT INTO `SiMaPe`.`LicenciaExtraordinaria` (`LicenciaExtraordinariaId`, `LicenciaExtraordinariaDescId`, `Inciso`, `MaxDiasAño`, `MaxDiasMes`, `MaxDiasCorridos`, `MinDiasCorridos`, `AfectaDiaLaboral`, `AfectaDiaNoLaboral`, `GoceHaberesPorcentual`) VALUES (24, 4, NULL, 365, 0, 0, 0, 1, 1, 0);
INSERT INTO `SiMaPe`.`LicenciaExtraordinaria` (`LicenciaExtraordinariaId`, `LicenciaExtraordinariaDescId`, `Inciso`, `MaxDiasAño`, `MaxDiasMes`, `MaxDiasCorridos`, `MinDiasCorridos`, `AfectaDiaLaboral`, `AfectaDiaNoLaboral`, `GoceHaberesPorcentual`) VALUES (25, 25, NULL, 2, 2, 2, 0, 1, 0, 100);
INSERT INTO `SiMaPe`.`LicenciaExtraordinaria` (`LicenciaExtraordinariaId`, `LicenciaExtraordinariaDescId`, `Inciso`, `MaxDiasAño`, `MaxDiasMes`, `MaxDiasCorridos`, `MinDiasCorridos`, `AfectaDiaLaboral`, `AfectaDiaNoLaboral`, `GoceHaberesPorcentual`) VALUES (26, 26, NULL, 1, 1, 1, 0, 1, 0, 100);
INSERT INTO `SiMaPe`.`LicenciaExtraordinaria` (`LicenciaExtraordinariaId`, `LicenciaExtraordinariaDescId`, `Inciso`, `MaxDiasAño`, `MaxDiasMes`, `MaxDiasCorridos`, `MinDiasCorridos`, `AfectaDiaLaboral`, `AfectaDiaNoLaboral`, `GoceHaberesPorcentual`) VALUES (27, 27, NULL, 4, 4, 2, 0, 1, 0, 100);
INSERT INTO `SiMaPe`.`LicenciaExtraordinaria` (`LicenciaExtraordinariaId`, `LicenciaExtraordinariaDescId`, `Inciso`, `MaxDiasAño`, `MaxDiasMes`, `MaxDiasCorridos`, `MinDiasCorridos`, `AfectaDiaLaboral`, `AfectaDiaNoLaboral`, `GoceHaberesPorcentual`) VALUES (28, 28, NULL, 1, 1, 1, 0, 1, 0, 100);
INSERT INTO `SiMaPe`.`LicenciaExtraordinaria` (`LicenciaExtraordinariaId`, `LicenciaExtraordinariaDescId`, `Inciso`, `MaxDiasAño`, `MaxDiasMes`, `MaxDiasCorridos`, `MinDiasCorridos`, `AfectaDiaLaboral`, `AfectaDiaNoLaboral`, `GoceHaberesPorcentual`) VALUES (29, 29, NULL, 1, 1, 1, 0, 1, 0, 100);
INSERT INTO `SiMaPe`.`LicenciaExtraordinaria` (`LicenciaExtraordinariaId`, `LicenciaExtraordinariaDescId`, `Inciso`, `MaxDiasAño`, `MaxDiasMes`, `MaxDiasCorridos`, `MinDiasCorridos`, `AfectaDiaLaboral`, `AfectaDiaNoLaboral`, `GoceHaberesPorcentual`) VALUES (30, 30, NULL, 1, 1, 1, 0, 1, 0, 100);
INSERT INTO `SiMaPe`.`LicenciaExtraordinaria` (`LicenciaExtraordinariaId`, `LicenciaExtraordinariaDescId`, `Inciso`, `MaxDiasAño`, `MaxDiasMes`, `MaxDiasCorridos`, `MinDiasCorridos`, `AfectaDiaLaboral`, `AfectaDiaNoLaboral`, `GoceHaberesPorcentual`) VALUES (31, 31, 'C', 0, 0, 2, 0, 1, 0, 100);
INSERT INTO `SiMaPe`.`LicenciaExtraordinaria` (`LicenciaExtraordinariaId`, `LicenciaExtraordinariaDescId`, `Inciso`, `MaxDiasAño`, `MaxDiasMes`, `MaxDiasCorridos`, `MinDiasCorridos`, `AfectaDiaLaboral`, `AfectaDiaNoLaboral`, `GoceHaberesPorcentual`) VALUES (32, 32, 'C', 0, 0, 0, 0, 1, 0, 100);
INSERT INTO `SiMaPe`.`LicenciaExtraordinaria` (`LicenciaExtraordinariaId`, `LicenciaExtraordinariaDescId`, `Inciso`, `MaxDiasAño`, `MaxDiasMes`, `MaxDiasCorridos`, `MinDiasCorridos`, `AfectaDiaLaboral`, `AfectaDiaNoLaboral`, `GoceHaberesPorcentual`) VALUES (33, 33, NULL, 0, 0, 0, 0, 1, 0, 0);
INSERT INTO `SiMaPe`.`LicenciaExtraordinaria` (`LicenciaExtraordinariaId`, `LicenciaExtraordinariaDescId`, `Inciso`, `MaxDiasAño`, `MaxDiasMes`, `MaxDiasCorridos`, `MinDiasCorridos`, `AfectaDiaLaboral`, `AfectaDiaNoLaboral`, `GoceHaberesPorcentual`) VALUES (34, 34, NULL, 0, 0, 0, 0, 1, 0, 100);
INSERT INTO `SiMaPe`.`LicenciaExtraordinaria` (`LicenciaExtraordinariaId`, `LicenciaExtraordinariaDescId`, `Inciso`, `MaxDiasAño`, `MaxDiasMes`, `MaxDiasCorridos`, `MinDiasCorridos`, `AfectaDiaLaboral`, `AfectaDiaNoLaboral`, `GoceHaberesPorcentual`) VALUES (35, 35, NULL, 0, 0, 0, 0, 1, 0, 100);
INSERT INTO `SiMaPe`.`LicenciaExtraordinaria` (`LicenciaExtraordinariaId`, `LicenciaExtraordinariaDescId`, `Inciso`, `MaxDiasAño`, `MaxDiasMes`, `MaxDiasCorridos`, `MinDiasCorridos`, `AfectaDiaLaboral`, `AfectaDiaNoLaboral`, `GoceHaberesPorcentual`) VALUES (36, 36, NULL, 0, 0, 0, 0, 1, 0, 0);
INSERT INTO `SiMaPe`.`LicenciaExtraordinaria` (`LicenciaExtraordinariaId`, `LicenciaExtraordinariaDescId`, `Inciso`, `MaxDiasAño`, `MaxDiasMes`, `MaxDiasCorridos`, `MinDiasCorridos`, `AfectaDiaLaboral`, `AfectaDiaNoLaboral`, `GoceHaberesPorcentual`) VALUES (37, 37, NULL, 0, 0, 0, 0, 1, 0, 0);
INSERT INTO `SiMaPe`.`LicenciaExtraordinaria` (`LicenciaExtraordinariaId`, `LicenciaExtraordinariaDescId`, `Inciso`, `MaxDiasAño`, `MaxDiasMes`, `MaxDiasCorridos`, `MinDiasCorridos`, `AfectaDiaLaboral`, `AfectaDiaNoLaboral`, `GoceHaberesPorcentual`) VALUES (38, 38, NULL, 0, 0, 0, 0, 1, 1, 100);
INSERT INTO `SiMaPe`.`LicenciaExtraordinaria` (`LicenciaExtraordinariaId`, `LicenciaExtraordinariaDescId`, `Inciso`, `MaxDiasAño`, `MaxDiasMes`, `MaxDiasCorridos`, `MinDiasCorridos`, `AfectaDiaLaboral`, `AfectaDiaNoLaboral`, `GoceHaberesPorcentual`) VALUES (39, 39, NULL, 0, 0, 0, 0, 1, 0, 100);

COMMIT;

-- -----------------------------------------------------
-- Data for table `SiMaPe`.`EntradaSalidaDesc`
-- -----------------------------------------------------
START TRANSACTION;
USE `SiMaPe`;
INSERT INTO `SiMaPe`.`EntradaSalidaDesc` (`EntradaSalidaDescId`, `Descripcion`) VALUES (1, 'Llegada tarde');
INSERT INTO `SiMaPe`.`EntradaSalidaDesc` (`EntradaSalidaDescId`, `Descripcion`) VALUES (2, 'Salida anticipada');

COMMIT;

-- -----------------------------------------------------
-- Data for table `SiMaPe`.`EntradaSalidaMotivo`
-- -----------------------------------------------------
START TRANSACTION;
USE `SiMaPe`;
INSERT INTO `SiMaPe`.`EntradaSalidaMotivo` (`EntradaSalidaMotivoId`, `Descripcion`) VALUES (1, 'Medico/Estudios');
INSERT INTO `SiMaPe`.`EntradaSalidaMotivo` (`EntradaSalidaMotivoId`, `Descripcion`) VALUES (2, 'Colegio');
INSERT INTO `SiMaPe`.`EntradaSalidaMotivo` (`EntradaSalidaMotivoId`, `Descripcion`) VALUES (3, 'Transporte');
INSERT INTO `SiMaPe`.`EntradaSalidaMotivo` (`EntradaSalidaMotivoId`, `Descripcion`) VALUES (4, 'Ninguno');

COMMIT;

-- -----------------------------------------------------
-- Data for table `SiMaPe`.`Mensaje`
-- -----------------------------------------------------
START TRANSACTION;
USE `SiMaPe`;
INSERT INTO `SiMaPe`.`Mensaje` (`MensajeId`, `UsuarioId_Emisor`, `UsuarioId_Receptor`, `Mensaje`, `Visto`, `Timestamp`) VALUES (1, 1, 1, 'No deberia usarse este usuario para mas alla de crear un usuario administrador; luego debe ser eliminado/removido permisos/cambiado clave', 0, 1386625217);

COMMIT;

-- -----------------------------------------------------
-- Data for table `SiMaPe`.`Permiso`
-- -----------------------------------------------------
START TRANSACTION;
USE `SiMaPe`;
INSERT INTO `SiMaPe`.`Permiso` (`PermisoId`, `Nombre`) VALUES (1, 'domicilio');
INSERT INTO `SiMaPe`.`Permiso` (`PermisoId`, `Nombre`) VALUES (2, 'cargo');
INSERT INTO `SiMaPe`.`Permiso` (`PermisoId`, `Nombre`) VALUES (3, 'usuario');
INSERT INTO `SiMaPe`.`Permiso` (`PermisoId`, `Nombre`) VALUES (4, 'perfil');
INSERT INTO `SiMaPe`.`Permiso` (`PermisoId`, `Nombre`) VALUES (5, 'mensaje');
INSERT INTO `SiMaPe`.`Permiso` (`PermisoId`, `Nombre`) VALUES (6, 'asistencia');
INSERT INTO `SiMaPe`.`Permiso` (`PermisoId`, `Nombre`) VALUES (7, 'oficina');
INSERT INTO `SiMaPe`.`Permiso` (`PermisoId`, `Nombre`) VALUES (8, 'reemplazo');
INSERT INTO `SiMaPe`.`Permiso` (`PermisoId`, `Nombre`) VALUES (9, 'calificacion');
INSERT INTO `SiMaPe`.`Permiso` (`PermisoId`, `Nombre`) VALUES (10, 'empleado');
INSERT INTO `SiMaPe`.`Permiso` (`PermisoId`, `Nombre`) VALUES (11, 'empleado__nombreapellido');
INSERT INTO `SiMaPe`.`Permiso` (`PermisoId`, `Nombre`) VALUES (12, 'empleado__foto');
INSERT INTO `SiMaPe`.`Permiso` (`PermisoId`, `Nombre`) VALUES (13, 'empleado__titulo');
INSERT INTO `SiMaPe`.`Permiso` (`PermisoId`, `Nombre`) VALUES (14, 'empleado__sexo');
INSERT INTO `SiMaPe`.`Permiso` (`PermisoId`, `Nombre`) VALUES (15, 'empleado__fechanac');
INSERT INTO `SiMaPe`.`Permiso` (`PermisoId`, `Nombre`) VALUES (16, 'empleado__fechaingreso');
INSERT INTO `SiMaPe`.`Permiso` (`PermisoId`, `Nombre`) VALUES (17, 'empleado__documento');
INSERT INTO `SiMaPe`.`Permiso` (`PermisoId`, `Nombre`) VALUES (18, 'empleado__legajo');
INSERT INTO `SiMaPe`.`Permiso` (`PermisoId`, `Nombre`) VALUES (19, 'empleado__telcel');
INSERT INTO `SiMaPe`.`Permiso` (`PermisoId`, `Nombre`) VALUES (20, 'empleado__email');
INSERT INTO `SiMaPe`.`Permiso` (`PermisoId`, `Nombre`) VALUES (21, 'empleado__nivelestudio');
INSERT INTO `SiMaPe`.`Permiso` (`PermisoId`, `Nombre`) VALUES (22, 'empleado__profesion');
INSERT INTO `SiMaPe`.`Permiso` (`PermisoId`, `Nombre`) VALUES (23, 'empleado__estadocivil');
INSERT INTO `SiMaPe`.`Permiso` (`PermisoId`, `Nombre`) VALUES (24, 'empleado__estado');
INSERT INTO `SiMaPe`.`Permiso` (`PermisoId`, `Nombre`) VALUES (25, 'empleado__comentario');
INSERT INTO `SiMaPe`.`Permiso` (`PermisoId`, `Nombre`) VALUES (26, 'usuario__nombre');
INSERT INTO `SiMaPe`.`Permiso` (`PermisoId`, `Nombre`) VALUES (27, 'usuario__activo');

COMMIT;

-- -----------------------------------------------------
-- Data for table `SiMaPe`.`PermisoAsignado`
-- -----------------------------------------------------
START TRANSACTION;
USE `SiMaPe`;
INSERT INTO `SiMaPe`.`PermisoAsignado` (`PermisoAsignadoId`, `UsuarioPerfilId`, `PermisoId`, `_propio`, `_otros`, `_listar`, `_agregar`, `_modificar`, `_modificar__tiempolimite`, `_borrar`) VALUES (1, 1, 1, 1, 1, 1, 1, 1, 0, 1);
INSERT INTO `SiMaPe`.`PermisoAsignado` (`PermisoAsignadoId`, `UsuarioPerfilId`, `PermisoId`, `_propio`, `_otros`, `_listar`, `_agregar`, `_modificar`, `_modificar__tiempolimite`, `_borrar`) VALUES (2, 1, 2, 1, 1, 1, 1, 1, 0, 1);
INSERT INTO `SiMaPe`.`PermisoAsignado` (`PermisoAsignadoId`, `UsuarioPerfilId`, `PermisoId`, `_propio`, `_otros`, `_listar`, `_agregar`, `_modificar`, `_modificar__tiempolimite`, `_borrar`) VALUES (3, 1, 3, 0, 1, 1, 1, 1, 0, 1);
INSERT INTO `SiMaPe`.`PermisoAsignado` (`PermisoAsignadoId`, `UsuarioPerfilId`, `PermisoId`, `_propio`, `_otros`, `_listar`, `_agregar`, `_modificar`, `_modificar__tiempolimite`, `_borrar`) VALUES (4, 1, 4, 0, 1, 1, 1, 1, 0, 1);
INSERT INTO `SiMaPe`.`PermisoAsignado` (`PermisoAsignadoId`, `UsuarioPerfilId`, `PermisoId`, `_propio`, `_otros`, `_listar`, `_agregar`, `_modificar`, `_modificar__tiempolimite`, `_borrar`) VALUES (5, 1, 5, 1, 1, 1, 1, 1, 0, 1);
INSERT INTO `SiMaPe`.`PermisoAsignado` (`PermisoAsignadoId`, `UsuarioPerfilId`, `PermisoId`, `_propio`, `_otros`, `_listar`, `_agregar`, `_modificar`, `_modificar__tiempolimite`, `_borrar`) VALUES (6, 1, 6, 1, 1, 1, 1, 1, 0, 1);
INSERT INTO `SiMaPe`.`PermisoAsignado` (`PermisoAsignadoId`, `UsuarioPerfilId`, `PermisoId`, `_propio`, `_otros`, `_listar`, `_agregar`, `_modificar`, `_modificar__tiempolimite`, `_borrar`) VALUES (7, 1, 7, 1, 1, 1, 1, 1, 0, 1);
INSERT INTO `SiMaPe`.`PermisoAsignado` (`PermisoAsignadoId`, `UsuarioPerfilId`, `PermisoId`, `_propio`, `_otros`, `_listar`, `_agregar`, `_modificar`, `_modificar__tiempolimite`, `_borrar`) VALUES (8, 1, 8, 1, 1, 1, 1, 1, 0, 1);
INSERT INTO `SiMaPe`.`PermisoAsignado` (`PermisoAsignadoId`, `UsuarioPerfilId`, `PermisoId`, `_propio`, `_otros`, `_listar`, `_agregar`, `_modificar`, `_modificar__tiempolimite`, `_borrar`) VALUES (9, 1, 9, 1, 1, 1, 1, 1, 0, 1);
INSERT INTO `SiMaPe`.`PermisoAsignado` (`PermisoAsignadoId`, `UsuarioPerfilId`, `PermisoId`, `_propio`, `_otros`, `_listar`, `_agregar`, `_modificar`, `_modificar__tiempolimite`, `_borrar`) VALUES (10, 1, 10, 1, 1, 1, 1, 1, 0, 1);
INSERT INTO `SiMaPe`.`PermisoAsignado` (`PermisoAsignadoId`, `UsuarioPerfilId`, `PermisoId`, `_propio`, `_otros`, `_listar`, `_agregar`, `_modificar`, `_modificar__tiempolimite`, `_borrar`) VALUES (11, 1, 11, 1, 1, 1, 1, 1, 0, 1);
INSERT INTO `SiMaPe`.`PermisoAsignado` (`PermisoAsignadoId`, `UsuarioPerfilId`, `PermisoId`, `_propio`, `_otros`, `_listar`, `_agregar`, `_modificar`, `_modificar__tiempolimite`, `_borrar`) VALUES (12, 1, 12, 1, 1, 1, 1, 1, 0, 1);
INSERT INTO `SiMaPe`.`PermisoAsignado` (`PermisoAsignadoId`, `UsuarioPerfilId`, `PermisoId`, `_propio`, `_otros`, `_listar`, `_agregar`, `_modificar`, `_modificar__tiempolimite`, `_borrar`) VALUES (13, 1, 13, 1, 1, 1, 1, 1, 0, 1);
INSERT INTO `SiMaPe`.`PermisoAsignado` (`PermisoAsignadoId`, `UsuarioPerfilId`, `PermisoId`, `_propio`, `_otros`, `_listar`, `_agregar`, `_modificar`, `_modificar__tiempolimite`, `_borrar`) VALUES (14, 1, 14, 1, 1, 1, 1, 1, 0, 1);
INSERT INTO `SiMaPe`.`PermisoAsignado` (`PermisoAsignadoId`, `UsuarioPerfilId`, `PermisoId`, `_propio`, `_otros`, `_listar`, `_agregar`, `_modificar`, `_modificar__tiempolimite`, `_borrar`) VALUES (15, 1, 15, 1, 1, 1, 1, 1, 0, 1);
INSERT INTO `SiMaPe`.`PermisoAsignado` (`PermisoAsignadoId`, `UsuarioPerfilId`, `PermisoId`, `_propio`, `_otros`, `_listar`, `_agregar`, `_modificar`, `_modificar__tiempolimite`, `_borrar`) VALUES (16, 1, 16, 1, 1, 1, 1, 1, 0, 1);
INSERT INTO `SiMaPe`.`PermisoAsignado` (`PermisoAsignadoId`, `UsuarioPerfilId`, `PermisoId`, `_propio`, `_otros`, `_listar`, `_agregar`, `_modificar`, `_modificar__tiempolimite`, `_borrar`) VALUES (17, 1, 17, 1, 1, 1, 1, 1, 0, 1);
INSERT INTO `SiMaPe`.`PermisoAsignado` (`PermisoAsignadoId`, `UsuarioPerfilId`, `PermisoId`, `_propio`, `_otros`, `_listar`, `_agregar`, `_modificar`, `_modificar__tiempolimite`, `_borrar`) VALUES (18, 1, 18, 1, 1, 1, 1, 1, 0, 1);
INSERT INTO `SiMaPe`.`PermisoAsignado` (`PermisoAsignadoId`, `UsuarioPerfilId`, `PermisoId`, `_propio`, `_otros`, `_listar`, `_agregar`, `_modificar`, `_modificar__tiempolimite`, `_borrar`) VALUES (19, 1, 19, 1, 1, 1, 1, 1, 0, 1);
INSERT INTO `SiMaPe`.`PermisoAsignado` (`PermisoAsignadoId`, `UsuarioPerfilId`, `PermisoId`, `_propio`, `_otros`, `_listar`, `_agregar`, `_modificar`, `_modificar__tiempolimite`, `_borrar`) VALUES (20, 1, 20, 1, 1, 1, 1, 1, 0, 1);
INSERT INTO `SiMaPe`.`PermisoAsignado` (`PermisoAsignadoId`, `UsuarioPerfilId`, `PermisoId`, `_propio`, `_otros`, `_listar`, `_agregar`, `_modificar`, `_modificar__tiempolimite`, `_borrar`) VALUES (21, 1, 21, 1, 1, 1, 1, 1, 0, 1);
INSERT INTO `SiMaPe`.`PermisoAsignado` (`PermisoAsignadoId`, `UsuarioPerfilId`, `PermisoId`, `_propio`, `_otros`, `_listar`, `_agregar`, `_modificar`, `_modificar__tiempolimite`, `_borrar`) VALUES (22, 1, 22, 1, 1, 1, 1, 1, 0, 1);
INSERT INTO `SiMaPe`.`PermisoAsignado` (`PermisoAsignadoId`, `UsuarioPerfilId`, `PermisoId`, `_propio`, `_otros`, `_listar`, `_agregar`, `_modificar`, `_modificar__tiempolimite`, `_borrar`) VALUES (23, 1, 23, 1, 1, 1, 1, 1, 0, 1);
INSERT INTO `SiMaPe`.`PermisoAsignado` (`PermisoAsignadoId`, `UsuarioPerfilId`, `PermisoId`, `_propio`, `_otros`, `_listar`, `_agregar`, `_modificar`, `_modificar__tiempolimite`, `_borrar`) VALUES (24, 1, 24, 1, 1, 1, 1, 1, 0, 1);
INSERT INTO `SiMaPe`.`PermisoAsignado` (`PermisoAsignadoId`, `UsuarioPerfilId`, `PermisoId`, `_propio`, `_otros`, `_listar`, `_agregar`, `_modificar`, `_modificar__tiempolimite`, `_borrar`) VALUES (25, 1, 25, 1, 1, 1, 1, 1, 0, 1);
INSERT INTO `SiMaPe`.`PermisoAsignado` (`PermisoAsignadoId`, `UsuarioPerfilId`, `PermisoId`, `_propio`, `_otros`, `_listar`, `_agregar`, `_modificar`, `_modificar__tiempolimite`, `_borrar`) VALUES (26, 1, 4, 1, 0, 1, 0, 0, 0, 0);
INSERT INTO `SiMaPe`.`PermisoAsignado` (`PermisoAsignadoId`, `UsuarioPerfilId`, `PermisoId`, `_propio`, `_otros`, `_listar`, `_agregar`, `_modificar`, `_modificar__tiempolimite`, `_borrar`) VALUES (27, 1, 3, 1, 0, 1, 0, 0, 0, 0);
INSERT INTO `SiMaPe`.`PermisoAsignado` (`PermisoAsignadoId`, `UsuarioPerfilId`, `PermisoId`, `_propio`, `_otros`, `_listar`, `_agregar`, `_modificar`, `_modificar__tiempolimite`, `_borrar`) VALUES (28, 1, 26, 1, 1, 1, 0, 1, 0, 0);
INSERT INTO `SiMaPe`.`PermisoAsignado` (`PermisoAsignadoId`, `UsuarioPerfilId`, `PermisoId`, `_propio`, `_otros`, `_listar`, `_agregar`, `_modificar`, `_modificar__tiempolimite`, `_borrar`) VALUES (29, 1, 27, 0, 1, 1, 0, 1, 0, 0);
INSERT INTO `SiMaPe`.`PermisoAsignado` (`PermisoAsignadoId`, `UsuarioPerfilId`, `PermisoId`, `_propio`, `_otros`, `_listar`, `_agregar`, `_modificar`, `_modificar__tiempolimite`, `_borrar`) VALUES (31, 1, 27, 1, 0, 1, 0, 0, 0, 0);

COMMIT;

-- -----------------------------------------------------
-- Data for table `SiMaPe`.`DiaLaboralDesc`
-- -----------------------------------------------------
START TRANSACTION;
USE `SiMaPe`;
INSERT INTO `SiMaPe`.`DiaLaboralDesc` (`DiaLaboralDescId`, `Descripcion`) VALUES (1, 'lun');
INSERT INTO `SiMaPe`.`DiaLaboralDesc` (`DiaLaboralDescId`, `Descripcion`) VALUES (2, 'mar');
INSERT INTO `SiMaPe`.`DiaLaboralDesc` (`DiaLaboralDescId`, `Descripcion`) VALUES (3, 'mié');
INSERT INTO `SiMaPe`.`DiaLaboralDesc` (`DiaLaboralDescId`, `Descripcion`) VALUES (4, 'jue');
INSERT INTO `SiMaPe`.`DiaLaboralDesc` (`DiaLaboralDescId`, `Descripcion`) VALUES (5, 'vie');
INSERT INTO `SiMaPe`.`DiaLaboralDesc` (`DiaLaboralDescId`, `Descripcion`) VALUES (6, 'sáb');
INSERT INTO `SiMaPe`.`DiaLaboralDesc` (`DiaLaboralDescId`, `Descripcion`) VALUES (7, 'dom');

COMMIT;
